mysql_id,expediente,motivo
15,,sin_expediente
16,,sin_expediente
21,,sin_expediente
32,,sin_expediente
36,,sin_expediente
48,,sin_expediente
51,,sin_expediente
53,,sin_expediente
57,,sin_expediente
58,,sin_expediente
61,,sin_expediente
64,,sin_expediente
65,,sin_expediente
67,,sin_expediente
71,,sin_expediente
85,,sin_expediente
87,,sin_expediente
98,,sin_expediente
117,,sin_expediente
120,,sin_expediente
130,,sin_expediente
131,,sin_expediente
139,,sin_expediente
140,,sin_expediente
141,,sin_expediente
142,,sin_expediente
150,,sin_expediente
155,,sin_expediente
159,,sin_expediente
160,,sin_expediente
169,,sin_expediente
170,,sin_expediente
172,,sin_expediente
176,,sin_expediente
177,,sin_expediente
178,,sin_expediente
179,,sin_expediente
181,,sin_expediente
183,,sin_expediente
184,,sin_expediente
185,,sin_expediente
190,,sin_expediente
193,,sin_expediente
196,,sin_expediente
199,,sin_expediente
202,,sin_expediente
209,,sin_expediente
213,,sin_expediente
218,,sin_expediente
220,,sin_expediente
228,,sin_expediente
230,,sin_expediente
232,,sin_expediente
234,,sin_expediente
236,,sin_expediente
243,,sin_expediente
246,,sin_expediente
253,,sin_expediente
254,,sin_expediente
255,,sin_expediente
257,,sin_expediente
269,,sin_expediente
275,,sin_expediente
276,,sin_expediente
278,,sin_expediente
279,,sin_expediente
280,,sin_expediente
288,,sin_expediente
291,,sin_expediente
292,,sin_expediente
293,,sin_expediente
295,,sin_expediente
298,,sin_expediente
299,,sin_expediente
304,,sin_expediente
306,,sin_expediente
307,,sin_expediente
310,,sin_expediente
312,,sin_expediente
314,,sin_expediente
318,,sin_expediente
321,,sin_expediente
324,,sin_expediente
327,,sin_expediente
332,,sin_expediente
345,,sin_expediente
349,,sin_expediente
357,,sin_expediente
360,,sin_expediente
364,,sin_expediente
365,,sin_expediente
370,,sin_expediente
374,,sin_expediente
375,,sin_expediente
377,,sin_expediente
381,,sin_expediente
386,,sin_expediente
387,,sin_expediente
398,,sin_expediente
399,,sin_expediente
402,,sin_expediente
404,,sin_expediente
409,,sin_expediente
412,,sin_expediente
414,,sin_expediente
415,,sin_expediente
429,,sin_expediente
431,,sin_expediente
432,,sin_expediente
440,,sin_expediente
450,,sin_expediente
453,,sin_expediente
454,,sin_expediente
456,,sin_expediente
458,,sin_expediente
459,,sin_expediente
463,,sin_expediente
468,,sin_expediente
469,,sin_expediente
472,,sin_expediente
476,,sin_expediente
477,,sin_expediente
483,,sin_expediente
484,,sin_expediente
487,,sin_expediente
488,,sin_expediente
489,65007,expediente_no_encontrado_en_pacientes
490,,sin_expediente
492,,sin_expediente
493,,sin_expediente
496,,sin_expediente
497,,sin_expediente
505,,sin_expediente
508,,sin_expediente
509,,sin_expediente
519,,sin_expediente
520,,sin_expediente
521,,sin_expediente
523,,sin_expediente
525,,sin_expediente
537,,sin_expediente
549,,sin_expediente
551,,sin_expediente
573,,sin_expediente
577,,sin_expediente
580,,sin_expediente
585,,sin_expediente
587,,sin_expediente
592,,sin_expediente
594,,sin_expediente
596,,sin_expediente
601,,sin_expediente
604,,sin_expediente
605,,sin_expediente
607,,sin_expediente
608,,sin_expediente
615,,sin_expediente
621,,sin_expediente
623,,sin_expediente
631,,sin_expediente
643,,sin_expediente
644,,sin_expediente
646,,sin_expediente
649,,sin_expediente
654,,sin_expediente
660,,sin_expediente
670,,sin_expediente
673,,sin_expediente
680,,sin_expediente
683,,sin_expediente
684,,sin_expediente
689,,sin_expediente
691,,sin_expediente
696,,sin_expediente
697,,sin_expediente
700,,sin_expediente
705,,sin_expediente
712,,sin_expediente
713,,sin_expediente
716,,sin_expediente
723,,sin_expediente
724,,sin_expediente
726,,sin_expediente
730,,sin_expediente
734,,sin_expediente
735,,sin_expediente
736,,sin_expediente
737,,sin_expediente
740,,sin_expediente
742,,sin_expediente
750,,sin_expediente
753,,sin_expediente
754,,sin_expediente
755,,sin_expediente
756,,sin_expediente
761,,sin_expediente
762,,sin_expediente
767,,sin_expediente
769,,sin_expediente
770,,sin_expediente
771,,sin_expediente
772,,sin_expediente
790,,sin_expediente
792,,sin_expediente
795,,sin_expediente
798,,sin_expediente
806,65151,expediente_no_encontrado_en_pacientes
807,65151,expediente_no_encontrado_en_pacientes
809,,sin_expediente
811,,sin_expediente
817,,sin_expediente
819,,sin_expediente
820,,sin_expediente
824,,sin_expediente
826,,sin_expediente
829,,sin_expediente
840,,sin_expediente
842,,sin_expediente
845,,sin_expediente
846,,sin_expediente
851,,sin_expediente
856,,sin_expediente
857,,sin_expediente
858,,sin_expediente
862,,sin_expediente
864,,sin_expediente
884,,sin_expediente
895,,sin_expediente
902,,sin_expediente
913,,sin_expediente
915,,sin_expediente
920,,sin_expediente
921,,sin_expediente
928,,sin_expediente
931,,sin_expediente
937,,sin_expediente
941,,sin_expediente
943,,sin_expediente
944,,sin_expediente
947,,sin_expediente
951,,sin_expediente
953,,sin_expediente
954,,sin_expediente
966,,sin_expediente
968,,sin_expediente
970,,sin_expediente
971,,sin_expediente
973,,sin_expediente
975,,sin_expediente
976,,sin_expediente
986,,sin_expediente
989,,sin_expediente
990,,sin_expediente
991,,sin_expediente
999,,sin_expediente
1001,,sin_expediente
1004,,sin_expediente
1005,,sin_expediente
1015,,sin_expediente
1016,,sin_expediente
1018,,sin_expediente
1019,,sin_expediente
1028,,sin_expediente
1030,,sin_expediente
1037,,sin_expediente
1038,,sin_expediente
1040,,sin_expediente
1053,,sin_expediente
1055,,sin_expediente
1057,,sin_expediente
1058,,sin_expediente
1059,,sin_expediente
1061,,sin_expediente
1064,,sin_expediente
1068,,sin_expediente
1072,,sin_expediente
1075,,sin_expediente
1076,,sin_expediente
1081,,sin_expediente
1082,,sin_expediente
1083,,sin_expediente
1087,,sin_expediente
1094,,sin_expediente
1102,,sin_expediente
1104,,sin_expediente
1108,,sin_expediente
1109,,sin_expediente
1112,,sin_expediente
1117,,sin_expediente
1118,,sin_expediente
1119,,sin_expediente
1136,,sin_expediente
1138,,sin_expediente
1149,,sin_expediente
1155,,sin_expediente
1164,,sin_expediente
1188,,sin_expediente
1193,,sin_expediente
1195,,sin_expediente
1199,,sin_expediente
1200,,sin_expediente
1202,,sin_expediente
1205,,sin_expediente
1206,,sin_expediente
1210,,sin_expediente
1212,,sin_expediente
1219,65751,expediente_no_encontrado_en_pacientes
1220,,sin_expediente
1229,,sin_expediente
1235,,sin_expediente
1239,,sin_expediente
1242,,sin_expediente
1244,,sin_expediente
1248,,sin_expediente
1250,,sin_expediente
1254,,sin_expediente
1264,,sin_expediente
1272,,sin_expediente
1276,,sin_expediente
1286,,sin_expediente
1295,,sin_expediente
1296,,sin_expediente
1299,65151,expediente_no_encontrado_en_pacientes
1308,,sin_expediente
1309,,sin_expediente
1310,,sin_expediente
1312,,sin_expediente
1315,,sin_expediente
1318,,sin_expediente
1319,,sin_expediente
1320,,sin_expediente
1322,,sin_expediente
1325,,sin_expediente
1326,,sin_expediente
1333,,sin_expediente
1337,,sin_expediente
1343,,sin_expediente
1344,,sin_expediente
1357,,sin_expediente
1358,,sin_expediente
1363,,sin_expediente
1368,,sin_expediente
1369,,sin_expediente
1372,,sin_expediente
1374,,sin_expediente
1375,,sin_expediente
1377,,sin_expediente
1378,,sin_expediente
1390,,sin_expediente
1395,,sin_expediente
1397,,sin_expediente
1403,,sin_expediente
1409,,sin_expediente
1410,,sin_expediente
1412,,sin_expediente
1416,,sin_expediente
1419,,sin_expediente
1425,,sin_expediente
1429,,sin_expediente
1430,,sin_expediente
1432,,sin_expediente
1434,,sin_expediente
1438,,sin_expediente
1442,,sin_expediente
1449,,sin_expediente
1450,,sin_expediente
1457,,sin_expediente
1459,,sin_expediente
1460,,sin_expediente
1464,,sin_expediente
1466,,sin_expediente
1472,,sin_expediente
1473,,sin_expediente
1474,,sin_expediente
1476,,sin_expediente
1477,,sin_expediente
1479,,sin_expediente
1480,,sin_expediente
1493,,sin_expediente
1495,,sin_expediente
1496,,sin_expediente
1499,,sin_expediente
1513,,sin_expediente
1521,,sin_expediente
1526,,sin_expediente
1533,,sin_expediente
1535,,sin_expediente
1536,,sin_expediente
1541,,sin_expediente
1544,,sin_expediente
1551,,sin_expediente
1554,,sin_expediente
1559,,sin_expediente
1560,,sin_expediente
1561,,sin_expediente
1568,,sin_expediente
1570,,sin_expediente
1571,,sin_expediente
1572,,sin_expediente
1573,,sin_expediente
1579,,sin_expediente
1580,,sin_expediente
1582,,sin_expediente
1584,,sin_expediente
1586,,sin_expediente
1587,,sin_expediente
1594,,sin_expediente
1596,,sin_expediente
1607,,sin_expediente
1613,,sin_expediente
1614,,sin_expediente
1615,,sin_expediente
1620,,sin_expediente
1623,,sin_expediente
1625,,sin_expediente
1627,,sin_expediente
1629,,sin_expediente
1630,,sin_expediente
1631,,sin_expediente
1632,,sin_expediente
1634,,sin_expediente
1636,,sin_expediente
1645,,sin_expediente
1646,,sin_expediente
1653,,sin_expediente
1654,,sin_expediente
1658,,sin_expediente
1665,,sin_expediente
1666,,sin_expediente
1672,,sin_expediente
1674,,sin_expediente
1675,,sin_expediente
1678,,sin_expediente
1681,,sin_expediente
1682,,sin_expediente
1686,,sin_expediente
1687,,sin_expediente
1690,65056,expediente_no_encontrado_en_pacientes
1696,,sin_expediente
1699,,sin_expediente
1704,,sin_expediente
1707,,sin_expediente
1712,,sin_expediente
1715,,sin_expediente
1720,,sin_expediente
1734,,sin_expediente
1738,,sin_expediente
1741,,sin_expediente
1742,,sin_expediente
1746,,sin_expediente
1755,,sin_expediente
1757,,sin_expediente
1762,,sin_expediente
1776,,sin_expediente
1784,,sin_expediente
1786,,sin_expediente
1789,,sin_expediente
1794,,sin_expediente
1795,,sin_expediente
1796,,sin_expediente
1798,,sin_expediente
1811,,sin_expediente
1812,,sin_expediente
1814,,sin_expediente
1818,,sin_expediente
1821,,sin_expediente
1822,,sin_expediente
1823,,sin_expediente
1824,,sin_expediente
1826,,sin_expediente
1830,,sin_expediente
1832,,sin_expediente
1834,,sin_expediente
1836,65151,expediente_no_encontrado_en_pacientes
1837,,sin_expediente
1838,,sin_expediente
1850,,sin_expediente
1851,,sin_expediente
1852,,sin_expediente
1859,,sin_expediente
1860,,sin_expediente
1866,,sin_expediente
1868,,sin_expediente
1871,,sin_expediente
1872,,sin_expediente
1896,,sin_expediente
1901,,sin_expediente
1904,,sin_expediente
1907,,sin_expediente
1908,,sin_expediente
1911,,sin_expediente
1912,,sin_expediente
1913,,sin_expediente
1919,,sin_expediente
1926,,sin_expediente
1930,,sin_expediente
1933,,sin_expediente
1937,,sin_expediente
1938,,sin_expediente
1943,,sin_expediente
1951,,sin_expediente
1956,,sin_expediente
1957,,sin_expediente
1959,,sin_expediente
1965,,sin_expediente
1968,,sin_expediente
1973,,sin_expediente
1974,,sin_expediente
1980,,sin_expediente
1982,,sin_expediente
1984,65151,expediente_no_encontrado_en_pacientes
1991,,sin_expediente
1995,,sin_expediente
1996,,sin_expediente
1998,,sin_expediente
1999,,sin_expediente
2002,,sin_expediente
2005,,sin_expediente
2006,,sin_expediente
2007,,sin_expediente
2012,,sin_expediente
2022,,sin_expediente
2029,65151,expediente_no_encontrado_en_pacientes
2033,,sin_expediente
2037,,sin_expediente
2038,,sin_expediente
2046,,sin_expediente
2048,,sin_expediente
2054,,sin_expediente
2059,,sin_expediente
2062,,sin_expediente
2063,,sin_expediente
2066,,sin_expediente
2076,,sin_expediente
2077,,sin_expediente
2081,,sin_expediente
2083,66357,expediente_no_encontrado_en_pacientes
2085,,sin_expediente
2088,,sin_expediente
2093,,sin_expediente
2116,,sin_expediente
2120,,sin_expediente
2138,,sin_expediente
2151,,sin_expediente
2153,,sin_expediente
2157,,sin_expediente
2159,,sin_expediente
2165,,sin_expediente
2169,,sin_expediente
2170,,sin_expediente
2172,,sin_expediente
2173,,sin_expediente
2174,,sin_expediente
2179,,sin_expediente
2193,,sin_expediente
2207,,sin_expediente
2212,,sin_expediente
2213,,sin_expediente
2217,,sin_expediente
2218,,sin_expediente
2220,,sin_expediente
2221,,sin_expediente
2224,,sin_expediente
2237,,sin_expediente
2238,,sin_expediente
2244,,sin_expediente
2259,,sin_expediente
2260,,sin_expediente
2265,,sin_expediente
2272,,sin_expediente
2273,,sin_expediente
2285,,sin_expediente
2288,,sin_expediente
2290,,sin_expediente
2295,,sin_expediente
2296,,sin_expediente
2297,,sin_expediente
2301,,sin_expediente
2306,,sin_expediente
2307,,sin_expediente
2308,,sin_expediente
2309,,sin_expediente
2310,,sin_expediente
2311,,sin_expediente
2312,,sin_expediente
2317,,sin_expediente
2318,,sin_expediente
2324,,sin_expediente
2327,,sin_expediente
2329,,sin_expediente
2330,,sin_expediente
2331,,sin_expediente
2332,,sin_expediente
2338,,sin_expediente
2341,,sin_expediente
2342,,sin_expediente
2343,,sin_expediente
2350,,sin_expediente
2359,65751,expediente_no_encontrado_en_pacientes
2365,,sin_expediente
2366,,sin_expediente
2368,,sin_expediente
2377,,sin_expediente
2382,,sin_expediente
2401,,sin_expediente
2404,,sin_expediente
2407,,sin_expediente
2421,,sin_expediente
2423,,sin_expediente
2424,,sin_expediente
2425,,sin_expediente
2426,,sin_expediente
2437,,sin_expediente
2438,,sin_expediente
2440,,sin_expediente
2464,,sin_expediente
2467,,sin_expediente
2475,,sin_expediente
2477,,sin_expediente
2479,,sin_expediente
2484,,sin_expediente
2486,,sin_expediente
2490,,sin_expediente
2491,,sin_expediente
2495,,sin_expediente
2496,,sin_expediente
2499,,sin_expediente
2502,,sin_expediente
2512,,sin_expediente
2514,,sin_expediente
2522,,sin_expediente
2524,,sin_expediente
2539,,sin_expediente
2549,,sin_expediente
2550,,sin_expediente
2552,,sin_expediente
2556,,sin_expediente
2559,66760,expediente_no_encontrado_en_pacientes
2561,,sin_expediente
2562,,sin_expediente
2568,,sin_expediente
2569,,sin_expediente
2570,,sin_expediente
2572,,sin_expediente
2582,,sin_expediente
2585,,sin_expediente
2591,,sin_expediente
2595,,sin_expediente
2598,,sin_expediente
2608,,sin_expediente
2609,,sin_expediente
2612,,sin_expediente
2613,,sin_expediente
2615,,sin_expediente
2620,,sin_expediente
2622,,sin_expediente
2624,,sin_expediente
2627,66798,expediente_no_encontrado_en_pacientes
2629,,sin_expediente
2633,,sin_expediente
2638,,sin_expediente
2640,,sin_expediente
2642,,sin_expediente
2646,,sin_expediente
2653,66357,expediente_no_encontrado_en_pacientes
2657,,sin_expediente
2658,,sin_expediente
2666,66827,expediente_no_encontrado_en_pacientes
2671,,sin_expediente
2673,66357,expediente_no_encontrado_en_pacientes
2676,,sin_expediente
2677,,sin_expediente
2678,,sin_expediente
2685,,sin_expediente
2689,,sin_expediente
2692,,sin_expediente
2696,,sin_expediente
2703,,sin_expediente
2707,,sin_expediente
2710,,sin_expediente
2714,,sin_expediente
2721,,sin_expediente
2723,,sin_expediente
2724,,sin_expediente
2725,,sin_expediente
2727,,sin_expediente
2730,,sin_expediente
2737,,sin_expediente
2744,,sin_expediente
2745,,sin_expediente
2753,,sin_expediente
2755,66923,expediente_no_encontrado_en_pacientes
2758,,sin_expediente
2762,,sin_expediente
2764,,sin_expediente
2768,,sin_expediente
2770,,sin_expediente
2777,,sin_expediente
2787,,sin_expediente
2790,,sin_expediente
2791,,sin_expediente
2792,,sin_expediente
2794,,sin_expediente
2795,,sin_expediente
2798,,sin_expediente
2801,,sin_expediente
2802,,sin_expediente
2804,,sin_expediente
2805,,sin_expediente
2817,,sin_expediente
2818,,sin_expediente
2822,,sin_expediente
2823,,sin_expediente
2835,,sin_expediente
2837,,sin_expediente
2839,,sin_expediente
2840,,sin_expediente
2841,,sin_expediente
2844,,sin_expediente
2847,,sin_expediente
2850,,sin_expediente
2851,,sin_expediente
2854,,sin_expediente
2855,,sin_expediente
2856,,sin_expediente
2857,,sin_expediente
2859,,sin_expediente
2860,,sin_expediente
2872,,sin_expediente
2876,,sin_expediente
2877,,sin_expediente
2879,,sin_expediente
2880,,sin_expediente
2882,,sin_expediente
2883,,sin_expediente
2885,,sin_expediente
2890,,sin_expediente
2892,,sin_expediente
2893,,sin_expediente
2894,,sin_expediente
2897,,sin_expediente
2903,,sin_expediente
2904,,sin_expediente
2905,,sin_expediente
2910,,sin_expediente
2921,,sin_expediente
2923,,sin_expediente
2925,,sin_expediente
2927,,sin_expediente
2930,,sin_expediente
2931,,sin_expediente
2935,,sin_expediente
2942,,sin_expediente
2944,,sin_expediente
2945,,sin_expediente
2946,,sin_expediente
2952,,sin_expediente
2954,,sin_expediente
2961,,sin_expediente
2962,,sin_expediente
2963,,sin_expediente
2976,,sin_expediente
2984,,sin_expediente
2987,,sin_expediente
2989,,sin_expediente
2991,,sin_expediente
2994,,sin_expediente
2999,,sin_expediente
3000,,sin_expediente
3011,,sin_expediente
3013,,sin_expediente
3014,,sin_expediente
3019,,sin_expediente
3023,,sin_expediente
3040,,sin_expediente
3041,,sin_expediente
3042,,sin_expediente
3043,,sin_expediente
3044,,sin_expediente
3045,,sin_expediente
3054,,sin_expediente
3058,,sin_expediente
3059,,sin_expediente
3061,,sin_expediente
3062,,sin_expediente
3067,,sin_expediente
3073,,sin_expediente
3087,,sin_expediente
3100,,sin_expediente
3104,,sin_expediente
3110,,sin_expediente
3113,,sin_expediente
3120,,sin_expediente
3125,,sin_expediente
3134,,sin_expediente
3135,,sin_expediente
3136,,sin_expediente
3141,,sin_expediente
3143,,sin_expediente
3147,,sin_expediente
3148,,sin_expediente
3153,,sin_expediente
3156,,sin_expediente
3163,,sin_expediente
3164,,sin_expediente
3165,,sin_expediente
3166,,sin_expediente
3168,,sin_expediente
3172,,sin_expediente
3178,,sin_expediente
3179,,sin_expediente
3181,,sin_expediente
3185,,sin_expediente
3189,67274,expediente_no_encontrado_en_pacientes
3190,,sin_expediente
3191,,sin_expediente
3200,,sin_expediente
3205,,sin_expediente
3212,,sin_expediente
3217,,sin_expediente
3220,,sin_expediente
3234,,sin_expediente
3238,,sin_expediente
3239,,sin_expediente
3244,,sin_expediente
3248,,sin_expediente
3256,,sin_expediente
3259,,sin_expediente
3260,,sin_expediente
3262,,sin_expediente
3271,,sin_expediente
3272,,sin_expediente
3273,,sin_expediente
3274,,sin_expediente
3275,,sin_expediente
3278,,sin_expediente
3287,,sin_expediente
3296,,sin_expediente
3303,,sin_expediente
3313,,sin_expediente
3314,,sin_expediente
3316,,sin_expediente
3322,,sin_expediente
3331,,sin_expediente
3336,,sin_expediente
3339,,sin_expediente
3350,,sin_expediente
3351,,sin_expediente
3354,,sin_expediente
3366,,sin_expediente
3370,,sin_expediente
3372,,sin_expediente
3373,,sin_expediente
3376,,sin_expediente
3384,,sin_expediente
3386,,sin_expediente
3390,,sin_expediente
3392,,sin_expediente
3393,,sin_expediente
3394,,sin_expediente
3395,,sin_expediente
3397,,sin_expediente
3398,,sin_expediente
3401,,sin_expediente
3403,,sin_expediente
3404,,sin_expediente
3407,,sin_expediente
3413,,sin_expediente
3414,,sin_expediente
3420,,sin_expediente
3421,,sin_expediente
3423,,sin_expediente
3424,,sin_expediente
3433,,sin_expediente
3434,,sin_expediente
3441,,sin_expediente
3444,,sin_expediente
3448,,sin_expediente
3450,,sin_expediente
3451,,sin_expediente
3452,,sin_expediente
3453,,sin_expediente
3457,,sin_expediente
3461,,sin_expediente
3485,,sin_expediente
3489,,sin_expediente
3491,,sin_expediente
3497,,sin_expediente
3498,,sin_expediente
3500,,sin_expediente
3501,,sin_expediente
3502,,sin_expediente
3511,,sin_expediente
3514,,sin_expediente
3515,,sin_expediente
3517,,sin_expediente
3518,,sin_expediente
3525,,sin_expediente
3529,,sin_expediente
3536,,sin_expediente
3543,,sin_expediente
3544,,sin_expediente
3548,,sin_expediente
3549,,sin_expediente
3550,,sin_expediente
3554,,sin_expediente
3555,,sin_expediente
3565,,sin_expediente
3575,,sin_expediente
3579,,sin_expediente
3584,,sin_expediente
3587,,sin_expediente
3591,,sin_expediente
3593,,sin_expediente
3594,,sin_expediente
3599,,sin_expediente
3615,,sin_expediente
3623,,sin_expediente
3628,,sin_expediente
3632,,sin_expediente
3633,,sin_expediente
3635,,sin_expediente
3639,,sin_expediente
3642,,sin_expediente
3656,,sin_expediente
3664,,sin_expediente
3672,,sin_expediente
3673,,sin_expediente
3676,,sin_expediente
3682,,sin_expediente
3691,,sin_expediente
3696,,sin_expediente
3697,,sin_expediente
3698,,sin_expediente
3722,,sin_expediente
3727,,sin_expediente
3728,,sin_expediente
3730,,sin_expediente
3738,,sin_expediente
3740,,sin_expediente
3746,,sin_expediente
3747,,sin_expediente
3756,,sin_expediente
3757,,sin_expediente
3762,,sin_expediente
3768,,sin_expediente
3773,,sin_expediente
3776,,sin_expediente
3783,,sin_expediente
3784,,sin_expediente
3787,,sin_expediente
3788,,sin_expediente
3791,,sin_expediente
3796,,sin_expediente
3798,,sin_expediente
3800,,sin_expediente
3802,,sin_expediente
3803,,sin_expediente
3805,,sin_expediente
3807,,sin_expediente
3818,,sin_expediente
3825,,sin_expediente
3828,,sin_expediente
3829,,sin_expediente
3833,,sin_expediente
3834,,sin_expediente
3835,,sin_expediente
3837,,sin_expediente
3838,,sin_expediente
3842,,sin_expediente
3844,,sin_expediente
3847,,sin_expediente
3852,,sin_expediente
3853,,sin_expediente
3873,,sin_expediente
3874,,sin_expediente
3892,,sin_expediente
3898,,sin_expediente
3913,,sin_expediente
3918,,sin_expediente
3921,,sin_expediente
3927,,sin_expediente
3929,,sin_expediente
3941,,sin_expediente
3945,,sin_expediente
3946,,sin_expediente
3957,,sin_expediente
3966,,sin_expediente
3968,,sin_expediente
3971,,sin_expediente
3973,,sin_expediente
3975,,sin_expediente
3981,,sin_expediente
3984,,sin_expediente
3998,65056,expediente_no_encontrado_en_pacientes
3999,,sin_expediente
4009,,sin_expediente
4010,,sin_expediente
4012,,sin_expediente
4016,,sin_expediente
4025,,sin_expediente
4028,,sin_expediente
4031,,sin_expediente
4032,,sin_expediente
4036,,sin_expediente
4037,,sin_expediente
4051,,sin_expediente
4052,,sin_expediente
4056,,sin_expediente
4061,,sin_expediente
4062,,sin_expediente
4072,,sin_expediente
4077,,sin_expediente
4082,,sin_expediente
4083,,sin_expediente
4086,,sin_expediente
4091,,sin_expediente
4099,,sin_expediente
4103,,sin_expediente
4107,,sin_expediente
4110,,sin_expediente
4113,,sin_expediente
4116,,sin_expediente
4117,,sin_expediente
4120,,sin_expediente
4123,,sin_expediente
4127,,sin_expediente
4131,67908,expediente_no_encontrado_en_pacientes
4134,,sin_expediente
4145,,sin_expediente
4146,,sin_expediente
4147,,sin_expediente
4149,,sin_expediente
4156,,sin_expediente
4163,,sin_expediente
4164,,sin_expediente
4166,,sin_expediente
4167,,sin_expediente
4172,,sin_expediente
4173,,sin_expediente
4175,,sin_expediente
4179,,sin_expediente
4181,,sin_expediente
4182,,sin_expediente
4184,,sin_expediente
4185,65151,expediente_no_encontrado_en_pacientes
4188,,sin_expediente
4191,,sin_expediente
4194,,sin_expediente
4199,,sin_expediente
4209,,sin_expediente
4211,,sin_expediente
4214,,sin_expediente
4229,,sin_expediente
4232,,sin_expediente
4233,,sin_expediente
4236,,sin_expediente
4244,,sin_expediente
4248,,sin_expediente
4256,,sin_expediente
4257,,sin_expediente
4259,,sin_expediente
4260,,sin_expediente
4264,,sin_expediente
4267,,sin_expediente
4273,,sin_expediente
4275,,sin_expediente
4279,,sin_expediente
4282,,sin_expediente
4283,,sin_expediente
4289,,sin_expediente
4290,,sin_expediente
4291,,sin_expediente
4293,,sin_expediente
4294,,sin_expediente
4295,,sin_expediente
4298,,sin_expediente
4302,,sin_expediente
4304,,sin_expediente
4313,,sin_expediente
4319,,sin_expediente
4322,,sin_expediente
4328,,sin_expediente
4333,,sin_expediente
4335,,sin_expediente
4336,,sin_expediente
4337,,sin_expediente
4341,66798,expediente_no_encontrado_en_pacientes
4344,,sin_expediente
4347,,sin_expediente
4352,,sin_expediente
4353,,sin_expediente
4354,,sin_expediente
4355,,sin_expediente
4359,,sin_expediente
4361,,sin_expediente
4370,,sin_expediente
4372,,sin_expediente
4376,,sin_expediente
4377,,sin_expediente
4380,,sin_expediente
4384,,sin_expediente
4387,,sin_expediente
4392,,sin_expediente
4394,,sin_expediente
4398,,sin_expediente
4405,67274,expediente_no_encontrado_en_pacientes
4419,,sin_expediente
4422,,sin_expediente
4423,,sin_expediente
4425,,sin_expediente
4426,,sin_expediente
4430,,sin_expediente
4431,,sin_expediente
4446,,sin_expediente
4447,,sin_expediente
4448,,sin_expediente
4455,,sin_expediente
4458,,sin_expediente
4466,,sin_expediente
4471,,sin_expediente
4472,,sin_expediente
4476,,sin_expediente
4478,,sin_expediente
4479,,sin_expediente
4486,,sin_expediente
4487,,sin_expediente
4489,,sin_expediente
4490,,sin_expediente
4493,,sin_expediente
4495,,sin_expediente
4505,,sin_expediente
4507,,sin_expediente
4509,,sin_expediente
4510,,sin_expediente
4514,,sin_expediente
4518,,sin_expediente
4519,,sin_expediente
4520,,sin_expediente
4528,,sin_expediente
4536,,sin_expediente
4537,,sin_expediente
4543,,sin_expediente
4546,,sin_expediente
4547,,sin_expediente
4550,,sin_expediente
4553,,sin_expediente
4554,,sin_expediente
4555,,sin_expediente
4558,,sin_expediente
4559,,sin_expediente
4561,,sin_expediente
4563,,sin_expediente
4577,,sin_expediente
4581,,sin_expediente
4587,,sin_expediente
4604,,sin_expediente
4605,,sin_expediente
4606,,sin_expediente
4608,,sin_expediente
4616,,sin_expediente
4617,,sin_expediente
4620,,sin_expediente
4621,,sin_expediente
4623,,sin_expediente
4626,,sin_expediente
4628,,sin_expediente
4630,,sin_expediente
4631,,sin_expediente
4632,,sin_expediente
4634,,sin_expediente
4635,,sin_expediente
4638,,sin_expediente
4639,,sin_expediente
4641,,sin_expediente
4642,,sin_expediente
4645,,sin_expediente
4647,,sin_expediente
4652,,sin_expediente
4653,,sin_expediente
4658,,sin_expediente
4669,,sin_expediente
4671,,sin_expediente
4672,,sin_expediente
4675,,sin_expediente
4676,,sin_expediente
4678,,sin_expediente
4679,,sin_expediente
4683,,sin_expediente
4684,,sin_expediente
4686,,sin_expediente
4687,,sin_expediente
4693,,sin_expediente
4695,,sin_expediente
4699,,sin_expediente
4700,,sin_expediente
4701,,sin_expediente
4704,,sin_expediente
4708,,sin_expediente
4713,,sin_expediente
4717,,sin_expediente
4718,,sin_expediente
4727,,sin_expediente
4729,,sin_expediente
4733,,sin_expediente
4738,,sin_expediente
4739,,sin_expediente
4740,,sin_expediente
4742,,sin_expediente
4746,,sin_expediente
4747,,sin_expediente
4748,,sin_expediente
4754,,sin_expediente
4755,,sin_expediente
4762,,sin_expediente
4763,,sin_expediente
4767,,sin_expediente
4770,,sin_expediente
4772,,sin_expediente
4776,,sin_expediente
4777,,sin_expediente
4781,,sin_expediente
4784,,sin_expediente
4785,,sin_expediente
4793,,sin_expediente
4794,,sin_expediente
4795,,sin_expediente
4801,,sin_expediente
4802,,sin_expediente
4812,,sin_expediente
4816,,sin_expediente
4818,,sin_expediente
4821,,sin_expediente
4828,,sin_expediente
4829,,sin_expediente
4836,,sin_expediente
4837,,sin_expediente
4844,,sin_expediente
4850,,sin_expediente
4853,,sin_expediente
4855,,sin_expediente
4858,,sin_expediente
4860,,sin_expediente
4861,,sin_expediente
4864,,sin_expediente
4865,,sin_expediente
4867,,sin_expediente
4869,,sin_expediente
4873,,sin_expediente
4874,,sin_expediente
4875,,sin_expediente
4877,,sin_expediente
4880,,sin_expediente
4882,,sin_expediente
4883,,sin_expediente
4884,,sin_expediente
4888,,sin_expediente
4889,,sin_expediente
4894,,sin_expediente
4902,,sin_expediente
4904,,sin_expediente
4910,,sin_expediente
4914,,sin_expediente
4928,,sin_expediente
4935,,sin_expediente
4936,,sin_expediente
4938,,sin_expediente
4941,,sin_expediente
4943,,sin_expediente
4948,,sin_expediente
4950,,sin_expediente
4954,,sin_expediente
4955,,sin_expediente
4956,,sin_expediente
4957,,sin_expediente
4965,,sin_expediente
4968,,sin_expediente
4969,,sin_expediente
4970,,sin_expediente
4974,,sin_expediente
4976,,sin_expediente
4977,,sin_expediente
4980,,sin_expediente
4993,,sin_expediente
4994,,sin_expediente
4999,,sin_expediente
5016,,sin_expediente
5017,,sin_expediente
5019,,sin_expediente
5036,,sin_expediente
5038,,sin_expediente
5042,,sin_expediente
5043,,sin_expediente
5047,,sin_expediente
5048,,sin_expediente
5052,,sin_expediente
5054,,sin_expediente
5055,,sin_expediente
5056,,sin_expediente
5057,,sin_expediente
5058,,sin_expediente
5059,,sin_expediente
5060,,sin_expediente
5061,,sin_expediente
5062,,sin_expediente
5065,,sin_expediente
5071,,sin_expediente
5076,,sin_expediente
5077,,sin_expediente
5078,,sin_expediente
5085,,sin_expediente
5087,,sin_expediente
5088,,sin_expediente
5095,,sin_expediente
5097,,sin_expediente
5098,,sin_expediente
5100,,sin_expediente
5101,,sin_expediente
5106,,sin_expediente
5108,,sin_expediente
5123,,sin_expediente
5128,,sin_expediente
5129,,sin_expediente
5132,,sin_expediente
5133,,sin_expediente
5137,,sin_expediente
5142,,sin_expediente
5154,,sin_expediente
5155,,sin_expediente
5161,,sin_expediente
5166,,sin_expediente
5167,,sin_expediente
5170,,sin_expediente
5173,,sin_expediente
5177,,sin_expediente
5180,,sin_expediente
5186,,sin_expediente
5190,,sin_expediente
5196,,sin_expediente
5198,,sin_expediente
5199,,sin_expediente
5204,,sin_expediente
5209,,sin_expediente
5210,,sin_expediente
5213,,sin_expediente
5215,,sin_expediente
5218,,sin_expediente
5223,,sin_expediente
5228,,sin_expediente
5229,,sin_expediente
5230,,sin_expediente
5234,,sin_expediente
5236,,sin_expediente
5237,,sin_expediente
5238,,sin_expediente
5242,,sin_expediente
5244,,sin_expediente
5245,,sin_expediente
5256,,sin_expediente
5258,,sin_expediente
5262,,sin_expediente
5264,,sin_expediente
5265,,sin_expediente
5266,,sin_expediente
5269,,sin_expediente
5272,,sin_expediente
5278,,sin_expediente
5281,,sin_expediente
5284,,sin_expediente
5285,,sin_expediente
5293,,sin_expediente
5296,,sin_expediente
5300,,sin_expediente
5311,,sin_expediente
5313,,sin_expediente
5315,,sin_expediente
5319,,sin_expediente
5320,,sin_expediente
5322,,sin_expediente
5323,,sin_expediente
5333,,sin_expediente
5339,,sin_expediente
5341,,sin_expediente
5342,,sin_expediente
5351,,sin_expediente
5354,,sin_expediente
5355,,sin_expediente
5356,,sin_expediente
5359,,sin_expediente
5361,,sin_expediente
5362,,sin_expediente
5363,,sin_expediente
5370,,sin_expediente
5371,,sin_expediente
5376,,sin_expediente
5377,,sin_expediente
5378,,sin_expediente
5379,,sin_expediente
5384,,sin_expediente
5385,,sin_expediente
5386,,sin_expediente
5387,,sin_expediente
5389,,sin_expediente
5391,,sin_expediente
5395,,sin_expediente
5399,,sin_expediente
5404,,sin_expediente
5406,,sin_expediente
5409,,sin_expediente
5414,,sin_expediente
5417,,sin_expediente
5419,,sin_expediente
5422,,sin_expediente
5423,,sin_expediente
5424,,sin_expediente
5425,,sin_expediente
5426,,sin_expediente
5431,,sin_expediente
5432,,sin_expediente
5438,,sin_expediente
5440,,sin_expediente
5451,,sin_expediente
5452,,sin_expediente
5457,,sin_expediente
5467,,sin_expediente
5468,,sin_expediente
5469,,sin_expediente
5482,,sin_expediente
5483,,sin_expediente
5487,,sin_expediente
5490,,sin_expediente
5492,,sin_expediente
5495,,sin_expediente
5504,,sin_expediente
5505,,sin_expediente
5507,,sin_expediente
5517,,sin_expediente
5521,,sin_expediente
5522,,sin_expediente
5529,,sin_expediente
5535,,sin_expediente
5537,,sin_expediente
5538,,sin_expediente
5546,,sin_expediente
5548,,sin_expediente
5549,,sin_expediente
5552,,sin_expediente
5556,,sin_expediente
5557,,sin_expediente
5561,,sin_expediente
5566,,sin_expediente
5571,,sin_expediente
5572,,sin_expediente
5573,,sin_expediente
5578,,sin_expediente
5580,,sin_expediente
5582,,sin_expediente
5584,,sin_expediente
5586,,sin_expediente
5590,,sin_expediente
5593,,sin_expediente
5597,,sin_expediente
5599,,sin_expediente
5601,,sin_expediente
5605,,sin_expediente
5613,,sin_expediente
5617,,sin_expediente
5619,,sin_expediente
5620,,sin_expediente
5621,,sin_expediente
5622,,sin_expediente
5625,,sin_expediente
5627,,sin_expediente
5638,,sin_expediente
5639,,sin_expediente
5643,,sin_expediente
5644,,sin_expediente
5645,,sin_expediente
5646,,sin_expediente
5647,,sin_expediente
5648,,sin_expediente
5649,,sin_expediente
5651,,sin_expediente
5656,,sin_expediente
5660,,sin_expediente
5663,,sin_expediente
5673,,sin_expediente
5674,,sin_expediente
5675,,sin_expediente
5680,,sin_expediente
5690,,sin_expediente
5693,,sin_expediente
5695,,sin_expediente
5698,,sin_expediente
5700,,sin_expediente
5701,,sin_expediente
5702,,sin_expediente
5705,,sin_expediente
5709,,sin_expediente
5710,,sin_expediente
5715,,sin_expediente
5716,,sin_expediente
5725,,sin_expediente
5743,,sin_expediente
5750,,sin_expediente
5751,,sin_expediente
5752,,sin_expediente
5754,,sin_expediente
5755,,sin_expediente
5757,,sin_expediente
5758,,sin_expediente
5759,,sin_expediente
5764,,sin_expediente
5769,,sin_expediente
5772,,sin_expediente
5775,,sin_expediente
5786,,sin_expediente
5787,,sin_expediente
5791,,sin_expediente
5794,,sin_expediente
5798,,sin_expediente
5799,,sin_expediente
5804,,sin_expediente
5805,,sin_expediente
5814,,sin_expediente
5817,,sin_expediente
5819,,sin_expediente
5820,,sin_expediente
5826,,sin_expediente
5830,,sin_expediente
5833,,sin_expediente
5835,,sin_expediente
5840,,sin_expediente
5842,,sin_expediente
5843,,sin_expediente
5849,,sin_expediente
5851,,sin_expediente
5854,,sin_expediente
5858,,sin_expediente
5859,,sin_expediente
5861,,sin_expediente
5863,,sin_expediente
5866,,sin_expediente
5872,,sin_expediente
5874,,sin_expediente
5875,,sin_expediente
5876,,sin_expediente
5878,,sin_expediente
5879,,sin_expediente
5887,,sin_expediente
5896,,sin_expediente
5897,,sin_expediente
5898,,sin_expediente
5901,,sin_expediente
5902,,sin_expediente
5904,,sin_expediente
5908,,sin_expediente
5909,,sin_expediente
5914,,sin_expediente
5916,,sin_expediente
5919,,sin_expediente
5924,,sin_expediente
5925,,sin_expediente
5928,,sin_expediente
5929,,sin_expediente
5930,,sin_expediente
5932,,sin_expediente
5934,,sin_expediente
5935,,sin_expediente
5936,,sin_expediente
5938,,sin_expediente
5939,,sin_expediente
5944,,sin_expediente
5945,,sin_expediente
5948,,sin_expediente
5949,,sin_expediente
5953,,sin_expediente
5956,65056,expediente_no_encontrado_en_pacientes
5959,,sin_expediente
5961,,sin_expediente
5962,,sin_expediente
5972,,sin_expediente
5973,,sin_expediente
5974,,sin_expediente
5975,,sin_expediente
5976,,sin_expediente
5978,,sin_expediente
5982,,sin_expediente
5986,,sin_expediente
5989,,sin_expediente
5990,,sin_expediente
5998,,sin_expediente
5999,,sin_expediente
6003,,sin_expediente
6005,,sin_expediente
6007,,sin_expediente
6011,,sin_expediente
6013,,sin_expediente
6014,,sin_expediente
6015,,sin_expediente
6016,,sin_expediente
6024,,sin_expediente
6027,,sin_expediente
6028,,sin_expediente
6030,,sin_expediente
6031,,sin_expediente
6033,,sin_expediente
6038,,sin_expediente
6039,,sin_expediente
6043,,sin_expediente
6046,,sin_expediente
6050,,sin_expediente
6051,,sin_expediente
6054,,sin_expediente
6060,,sin_expediente
6066,,sin_expediente
6068,,sin_expediente
6069,,sin_expediente
6081,,sin_expediente
6083,,sin_expediente
6093,,sin_expediente
6095,,sin_expediente
6097,,sin_expediente
6098,,sin_expediente
6105,,sin_expediente
6110,,sin_expediente
6114,,sin_expediente
6115,,sin_expediente
6116,,sin_expediente
6117,,sin_expediente
6121,,sin_expediente
6122,,sin_expediente
6129,,sin_expediente
6137,,sin_expediente
6140,,sin_expediente
6142,,sin_expediente
6146,,sin_expediente
6150,,sin_expediente
6154,,sin_expediente
6158,,sin_expediente
6160,,sin_expediente
6165,,sin_expediente
6168,,sin_expediente
6172,,sin_expediente
6175,,sin_expediente
6176,,sin_expediente
6177,,sin_expediente
6178,,sin_expediente
6193,,sin_expediente
6194,,sin_expediente
6197,,sin_expediente
6199,,sin_expediente
6207,,sin_expediente
6208,,sin_expediente
6210,,sin_expediente
6218,,sin_expediente
6220,,sin_expediente
6221,,sin_expediente
6225,,sin_expediente
6231,,sin_expediente
6232,,sin_expediente
6233,,sin_expediente
6237,,sin_expediente
6240,,sin_expediente
6242,,sin_expediente
6244,,sin_expediente
6247,,sin_expediente
6250,,sin_expediente
6254,,sin_expediente
6256,,sin_expediente
6266,,sin_expediente
6269,,sin_expediente
6282,,sin_expediente
6288,,sin_expediente
6289,,sin_expediente
6293,,sin_expediente
6296,,sin_expediente
6307,,sin_expediente
6308,,sin_expediente
6309,,sin_expediente
6321,,sin_expediente
6322,,sin_expediente
6324,,sin_expediente
6328,,sin_expediente
6332,,sin_expediente
6338,,sin_expediente
6344,,sin_expediente
6345,,sin_expediente
6346,,sin_expediente
6357,,sin_expediente
6359,,sin_expediente
6365,,sin_expediente
6366,,sin_expediente
6369,,sin_expediente
6376,,sin_expediente
6377,,sin_expediente
6378,,sin_expediente
6380,,sin_expediente
6382,,sin_expediente
6383,,sin_expediente
6387,,sin_expediente
6391,,sin_expediente
6397,,sin_expediente
6399,,sin_expediente
6400,,sin_expediente
6401,,sin_expediente
6405,,sin_expediente
6406,,sin_expediente
6407,,sin_expediente
6410,,sin_expediente
6420,,sin_expediente
6425,,sin_expediente
6427,,sin_expediente
6432,,sin_expediente
6433,,sin_expediente
6446,,sin_expediente
6447,,sin_expediente
6448,,sin_expediente
6451,,sin_expediente
6452,,sin_expediente
6456,,sin_expediente
6459,,sin_expediente
6465,,sin_expediente
6470,,sin_expediente
6471,,sin_expediente
6472,,sin_expediente
6474,,sin_expediente
6477,,sin_expediente
6482,,sin_expediente
6483,,sin_expediente
6484,,sin_expediente
6486,,sin_expediente
6489,,sin_expediente
6490,,sin_expediente
6491,,sin_expediente
6498,,sin_expediente
6499,,sin_expediente
6504,,sin_expediente
6509,,sin_expediente
6512,,sin_expediente
6513,,sin_expediente
6515,,sin_expediente
6516,,sin_expediente
6517,,sin_expediente
6520,,sin_expediente
6521,,sin_expediente
6522,,sin_expediente
6530,,sin_expediente
6535,,sin_expediente
6539,,sin_expediente
6550,,sin_expediente
6553,,sin_expediente
6555,,sin_expediente
6558,,sin_expediente
6563,,sin_expediente
6565,,sin_expediente
6566,,sin_expediente
6568,,sin_expediente
6575,,sin_expediente
6576,,sin_expediente
6577,,sin_expediente
6578,,sin_expediente
6585,,sin_expediente
6590,,sin_expediente
6594,,sin_expediente
6595,,sin_expediente
6599,,sin_expediente
6608,,sin_expediente
6613,,sin_expediente
6616,,sin_expediente
6617,,sin_expediente
6638,,sin_expediente
6640,,sin_expediente
6641,,sin_expediente
6644,,sin_expediente
6647,,sin_expediente
6654,,sin_expediente
6656,,sin_expediente
6657,,sin_expediente
6659,,sin_expediente
6664,,sin_expediente
6669,,sin_expediente
6678,,sin_expediente
6685,,sin_expediente
6688,,sin_expediente
6689,,sin_expediente
6696,,sin_expediente
6698,,sin_expediente
6702,,sin_expediente
6707,,sin_expediente
6708,,sin_expediente
6709,,sin_expediente
6710,,sin_expediente
6711,,sin_expediente
6719,,sin_expediente
6734,,sin_expediente
6735,,sin_expediente
6736,,sin_expediente
6741,,sin_expediente
6742,,sin_expediente
6743,,sin_expediente
6744,,sin_expediente
6752,,sin_expediente
6755,,sin_expediente
6758,,sin_expediente
6759,,sin_expediente
6761,,sin_expediente
6766,,sin_expediente
6768,,sin_expediente
6776,,sin_expediente
6777,,sin_expediente
6781,,sin_expediente
6787,,sin_expediente
6788,,sin_expediente
6790,,sin_expediente
6792,,sin_expediente
6794,,sin_expediente
6809,,sin_expediente
6810,,sin_expediente
6812,,sin_expediente
6815,,sin_expediente
6817,,sin_expediente
6820,,sin_expediente
6821,,sin_expediente
6837,,sin_expediente
6838,,sin_expediente
6841,,sin_expediente
6844,,sin_expediente
6846,,sin_expediente
6858,,sin_expediente
6861,,sin_expediente
6862,,sin_expediente
6867,,sin_expediente
6868,,sin_expediente
6874,,sin_expediente
6876,,sin_expediente
6879,,sin_expediente
6880,,sin_expediente
6882,,sin_expediente
6894,,sin_expediente
6908,,sin_expediente
6911,,sin_expediente
6915,,sin_expediente
6917,,sin_expediente
6920,,sin_expediente
6924,,sin_expediente
6925,,sin_expediente
6934,,sin_expediente
6937,,sin_expediente
6939,,sin_expediente
6943,,sin_expediente
6944,,sin_expediente
6946,,sin_expediente
6949,,sin_expediente
6951,69612,expediente_no_encontrado_en_pacientes
6966,,sin_expediente
6970,,sin_expediente
6976,,sin_expediente
6977,,sin_expediente
6978,,sin_expediente
6979,,sin_expediente
6981,,sin_expediente
6983,,sin_expediente
6984,,sin_expediente
6991,,sin_expediente
6997,,sin_expediente
7000,,sin_expediente
7005,,sin_expediente
7007,,sin_expediente
7009,,sin_expediente
7014,,sin_expediente
7016,,sin_expediente
7020,,sin_expediente
7021,,sin_expediente
7022,,sin_expediente
7025,,sin_expediente
7027,,sin_expediente
7038,,sin_expediente
7041,,sin_expediente
7043,,sin_expediente
7048,,sin_expediente
7051,,sin_expediente
7057,,sin_expediente
7062,,sin_expediente
7063,,sin_expediente
7066,,sin_expediente
7068,,sin_expediente
7072,,sin_expediente
7081,,sin_expediente
7083,,sin_expediente
7088,,sin_expediente
7095,,sin_expediente
7106,,sin_expediente
7107,,sin_expediente
7110,,sin_expediente
7121,,sin_expediente
7122,,sin_expediente
7124,,sin_expediente
7133,,sin_expediente
7135,,sin_expediente
7137,,sin_expediente
7138,,sin_expediente
7140,,sin_expediente
7155,,sin_expediente
7162,,sin_expediente
7167,,sin_expediente
7169,,sin_expediente
7172,,sin_expediente
7176,,sin_expediente
7178,,sin_expediente
7185,,sin_expediente
7192,,sin_expediente
7196,,sin_expediente
7199,,sin_expediente
7203,,sin_expediente
7206,,sin_expediente
7219,,sin_expediente
7226,,sin_expediente
7230,,sin_expediente
7232,,sin_expediente
7244,,sin_expediente
7246,,sin_expediente
7248,,sin_expediente
7249,,sin_expediente
7250,,sin_expediente
7251,,sin_expediente
7254,,sin_expediente
7257,,sin_expediente
7260,,sin_expediente
7264,,sin_expediente
7268,,sin_expediente
7269,,sin_expediente
7272,,sin_expediente
7281,,sin_expediente
7282,,sin_expediente
7286,,sin_expediente
7290,,sin_expediente
7295,,sin_expediente
7296,,sin_expediente
7297,,sin_expediente
7299,,sin_expediente
7306,,sin_expediente
7308,,sin_expediente
7309,,sin_expediente
7310,,sin_expediente
7312,,sin_expediente
7316,,sin_expediente
7323,,sin_expediente
7332,,sin_expediente
7337,,sin_expediente
7340,,sin_expediente
7341,,sin_expediente
7346,,sin_expediente
7348,,sin_expediente
7349,,sin_expediente
7364,,sin_expediente
7375,,sin_expediente
7382,,sin_expediente
7398,,sin_expediente
7399,,sin_expediente
7402,,sin_expediente
7403,,sin_expediente
7407,,sin_expediente
7409,,sin_expediente
7410,,sin_expediente
7420,,sin_expediente
7424,,sin_expediente
7427,,sin_expediente
7429,,sin_expediente
7437,,sin_expediente
7439,,sin_expediente
7455,,sin_expediente
7470,,sin_expediente
7475,,sin_expediente
7479,,sin_expediente
7481,,sin_expediente
7484,,sin_expediente
7485,,sin_expediente
7488,,sin_expediente
7497,,sin_expediente
7501,,sin_expediente
7503,,sin_expediente
7508,,sin_expediente
7515,,sin_expediente
7524,,sin_expediente
7525,,sin_expediente
7526,,sin_expediente
7530,,sin_expediente
7538,,sin_expediente
7540,,sin_expediente
7544,,sin_expediente
7548,,sin_expediente
7550,,sin_expediente
7551,,sin_expediente
7563,,sin_expediente
7567,,sin_expediente
7574,,sin_expediente
7575,,sin_expediente
7577,65056,expediente_no_encontrado_en_pacientes
7589,,sin_expediente
7590,,sin_expediente
7592,,sin_expediente
7596,,sin_expediente
7599,,sin_expediente
7600,,sin_expediente
7601,,sin_expediente
7602,,sin_expediente
7603,,sin_expediente
7604,,sin_expediente
7612,,sin_expediente
7613,,sin_expediente
7614,,sin_expediente
7617,,sin_expediente
7619,,sin_expediente
7626,,sin_expediente
7627,,sin_expediente
7628,,sin_expediente
7634,,sin_expediente
7635,,sin_expediente
7637,,sin_expediente
7638,,sin_expediente
7639,,sin_expediente
7646,,sin_expediente
7648,,sin_expediente
7649,,sin_expediente
7650,,sin_expediente
7664,,sin_expediente
7665,,sin_expediente
7667,,sin_expediente
7669,,sin_expediente
7673,,sin_expediente
7674,,sin_expediente
7675,69612,expediente_no_encontrado_en_pacientes
7680,,sin_expediente
7681,,sin_expediente
7684,,sin_expediente
7688,,sin_expediente
7695,,sin_expediente
7699,,sin_expediente
7700,,sin_expediente
7702,,sin_expediente
7703,,sin_expediente
7704,,sin_expediente
7708,,sin_expediente
7711,,sin_expediente
7717,,sin_expediente
7719,,sin_expediente
7722,,sin_expediente
7723,,sin_expediente
7726,,sin_expediente
7727,,sin_expediente
7735,,sin_expediente
7737,,sin_expediente
7739,,sin_expediente
7741,,sin_expediente
7744,,sin_expediente
7747,,sin_expediente
7748,,sin_expediente
7752,,sin_expediente
7759,,sin_expediente
7763,,sin_expediente
7776,,sin_expediente
7781,,sin_expediente
7783,,sin_expediente
7784,,sin_expediente
7786,,sin_expediente
7787,,sin_expediente
7788,,sin_expediente
7807,,sin_expediente
7808,,sin_expediente
7809,,sin_expediente
7811,,sin_expediente
7817,,sin_expediente
7820,,sin_expediente
7823,,sin_expediente
7824,,sin_expediente
7828,,sin_expediente
7836,,sin_expediente
7839,,sin_expediente
7841,,sin_expediente
7845,,sin_expediente
7848,,sin_expediente
7849,,sin_expediente
7850,,sin_expediente
7856,,sin_expediente
7858,,sin_expediente
7860,,sin_expediente
7861,,sin_expediente
7862,,sin_expediente
7863,,sin_expediente
7865,,sin_expediente
7876,,sin_expediente
7881,,sin_expediente
7890,,sin_expediente
7893,,sin_expediente
7894,,sin_expediente
7898,,sin_expediente
7901,,sin_expediente
7902,,sin_expediente
7903,,sin_expediente
7905,,sin_expediente
7909,,sin_expediente
7910,,sin_expediente
7912,,sin_expediente
7919,,sin_expediente
7923,,sin_expediente
7925,,sin_expediente
7926,,sin_expediente
7932,,sin_expediente
7933,,sin_expediente
7934,,sin_expediente
7940,,sin_expediente
7944,,sin_expediente
7947,,sin_expediente
7949,,sin_expediente
7950,,sin_expediente
7952,,sin_expediente
7955,,sin_expediente
7959,,sin_expediente
7960,,sin_expediente
7964,,sin_expediente
7965,,sin_expediente
7966,,sin_expediente
7969,,sin_expediente
7970,,sin_expediente
7972,,sin_expediente
7982,,sin_expediente
7988,,sin_expediente
7990,,sin_expediente
7991,,sin_expediente
7993,,sin_expediente
7994,,sin_expediente
7995,,sin_expediente
8000,,sin_expediente
8011,,sin_expediente
8012,,sin_expediente
8013,,sin_expediente
8014,,sin_expediente
8019,,sin_expediente
8020,,sin_expediente
8021,,sin_expediente
8023,,sin_expediente
8024,,sin_expediente
8033,,sin_expediente
8039,,sin_expediente
8040,,sin_expediente
8041,,sin_expediente
8043,,sin_expediente
8049,,sin_expediente
8063,,sin_expediente
8064,,sin_expediente
8065,,sin_expediente
8072,,sin_expediente
8074,,sin_expediente
8075,,sin_expediente
8076,,sin_expediente
8079,,sin_expediente
8083,,sin_expediente
8089,,sin_expediente
8093,,sin_expediente
8096,,sin_expediente
8097,,sin_expediente
8098,,sin_expediente
8099,,sin_expediente
8101,,sin_expediente
8103,,sin_expediente
8105,,sin_expediente
8116,,sin_expediente
8117,,sin_expediente
8121,,sin_expediente
8123,,sin_expediente
8127,,sin_expediente
8128,,sin_expediente
8129,,sin_expediente
8132,,sin_expediente
8134,,sin_expediente
8136,,sin_expediente
8139,,sin_expediente
8142,,sin_expediente
8143,,sin_expediente
8146,,sin_expediente
8147,,sin_expediente
8150,,sin_expediente
8152,,sin_expediente
8155,,sin_expediente
8156,,sin_expediente
8159,,sin_expediente
8165,,sin_expediente
8168,,sin_expediente
8175,,sin_expediente
8177,,sin_expediente
8178,,sin_expediente
8185,,sin_expediente
8189,,sin_expediente
8196,,sin_expediente
8204,,sin_expediente
8205,,sin_expediente
8206,,sin_expediente
8208,,sin_expediente
8220,,sin_expediente
8221,,sin_expediente
8224,,sin_expediente
8227,,sin_expediente
8230,,sin_expediente
8233,,sin_expediente
8238,,sin_expediente
8241,,sin_expediente
8242,,sin_expediente
8246,,sin_expediente
8247,,sin_expediente
8252,,sin_expediente
8256,,sin_expediente
8261,,sin_expediente
8265,,sin_expediente
8271,,sin_expediente
8275,,sin_expediente
8276,,sin_expediente
8281,,sin_expediente
8286,,sin_expediente
8287,,sin_expediente
8288,,sin_expediente
8289,,sin_expediente
8293,,sin_expediente
8296,,sin_expediente
8299,,sin_expediente
8310,,sin_expediente
8311,,sin_expediente
8316,,sin_expediente
8317,,sin_expediente
8320,,sin_expediente
8323,,sin_expediente
8325,,sin_expediente
8326,,sin_expediente
8327,,sin_expediente
8330,,sin_expediente
8331,,sin_expediente
8332,,sin_expediente
8342,,sin_expediente
8343,,sin_expediente
8344,,sin_expediente
8345,,sin_expediente
8348,,sin_expediente
8362,,sin_expediente
8363,,sin_expediente
8365,,sin_expediente
8369,,sin_expediente
8373,,sin_expediente
8374,,sin_expediente
8380,,sin_expediente
8382,,sin_expediente
8384,,sin_expediente
8387,,sin_expediente
8395,,sin_expediente
8399,,sin_expediente
8401,,sin_expediente
8403,,sin_expediente
8409,,sin_expediente
8415,,sin_expediente
8421,,sin_expediente
8423,,sin_expediente
8430,,sin_expediente
8432,,sin_expediente
8433,,sin_expediente
8441,,sin_expediente
8446,,sin_expediente
8449,,sin_expediente
8451,,sin_expediente
8452,,sin_expediente
8459,,sin_expediente
8469,,sin_expediente
8470,,sin_expediente
8482,,sin_expediente
8492,,sin_expediente
8493,,sin_expediente
8494,,sin_expediente
8497,,sin_expediente
8507,,sin_expediente
8508,,sin_expediente
8511,,sin_expediente
8513,,sin_expediente
8518,,sin_expediente
8520,,sin_expediente
8521,,sin_expediente
8522,,sin_expediente
8525,,sin_expediente
8539,,sin_expediente
8546,,sin_expediente
8554,,sin_expediente
8555,65056,expediente_no_encontrado_en_pacientes
8576,,sin_expediente
8578,,sin_expediente
8585,,sin_expediente
8588,,sin_expediente
8594,,sin_expediente
8595,,sin_expediente
8600,,sin_expediente
8602,,sin_expediente
8603,,sin_expediente
8605,,sin_expediente
8606,,sin_expediente
8613,,sin_expediente
8615,,sin_expediente
8618,,sin_expediente
8619,,sin_expediente
8623,,sin_expediente
8626,,sin_expediente
8634,,sin_expediente
8636,,sin_expediente
8645,,sin_expediente
8646,,sin_expediente
8651,,sin_expediente
8661,,sin_expediente
8662,,sin_expediente
8663,,sin_expediente
8669,,sin_expediente
8694,,sin_expediente
8699,,sin_expediente
8700,,sin_expediente
8701,,sin_expediente
8702,,sin_expediente
8705,,sin_expediente
8706,,sin_expediente
8712,,sin_expediente
8718,,sin_expediente
8725,,sin_expediente
8737,,sin_expediente
8739,,sin_expediente
8740,,sin_expediente
8741,,sin_expediente
8742,,sin_expediente
8744,,sin_expediente
8745,,sin_expediente
8754,,sin_expediente
8756,,sin_expediente
8768,,sin_expediente
8770,,sin_expediente
8776,,sin_expediente
8777,,sin_expediente
8778,,sin_expediente
8785,,sin_expediente
8788,,sin_expediente
8789,,sin_expediente
8793,,sin_expediente
8794,,sin_expediente
8804,,sin_expediente
8805,,sin_expediente
8809,,sin_expediente
8815,,sin_expediente
8818,,sin_expediente
8819,,sin_expediente
8821,,sin_expediente
8824,,sin_expediente
8826,,sin_expediente
8827,,sin_expediente
8835,,sin_expediente
8848,,sin_expediente
8850,,sin_expediente
8853,,sin_expediente
8858,,sin_expediente
8872,,sin_expediente
8878,,sin_expediente
8879,,sin_expediente
8886,,sin_expediente
8887,,sin_expediente
8888,,sin_expediente
8889,,sin_expediente
8899,,sin_expediente
8901,,sin_expediente
8903,,sin_expediente
8913,,sin_expediente
8916,,sin_expediente
8921,,sin_expediente
8927,65151,expediente_no_encontrado_en_pacientes
8933,,sin_expediente
8934,,sin_expediente
8935,,sin_expediente
8940,,sin_expediente
8948,,sin_expediente
8954,,sin_expediente
8962,,sin_expediente
8963,,sin_expediente
8969,,sin_expediente
8978,,sin_expediente
8989,,sin_expediente
8993,,sin_expediente
8997,,sin_expediente
8998,,sin_expediente
8999,,sin_expediente
9000,,sin_expediente
9006,,sin_expediente
9011,,sin_expediente
9018,,sin_expediente
9019,,sin_expediente
9025,,sin_expediente
9029,,sin_expediente
9039,,sin_expediente
9045,,sin_expediente
9050,,sin_expediente
9056,,sin_expediente
9063,,sin_expediente
9067,,sin_expediente
9068,,sin_expediente
9069,,sin_expediente
9071,,sin_expediente
9078,,sin_expediente
9080,,sin_expediente
9085,,sin_expediente
9090,,sin_expediente
9103,,sin_expediente
9107,,sin_expediente
9108,,sin_expediente
9110,,sin_expediente
9113,,sin_expediente
9117,,sin_expediente
9118,,sin_expediente
9121,,sin_expediente
9125,,sin_expediente
9129,,sin_expediente
9131,,sin_expediente
9132,,sin_expediente
9137,,sin_expediente
9145,,sin_expediente
9147,,sin_expediente
9148,,sin_expediente
9149,,sin_expediente
9152,,sin_expediente
9154,,sin_expediente
9156,,sin_expediente
9161,,sin_expediente
9162,,sin_expediente
9167,,sin_expediente
9170,,sin_expediente
9172,,sin_expediente
9174,,sin_expediente
9176,,sin_expediente
9181,,sin_expediente
9183,,sin_expediente
9188,,sin_expediente
9190,,sin_expediente
9197,,sin_expediente
9206,,sin_expediente
9207,,sin_expediente
9208,,sin_expediente
9216,,sin_expediente
9220,,sin_expediente
9221,,sin_expediente
9223,,sin_expediente
9226,,sin_expediente
9236,,sin_expediente
9237,,sin_expediente
9239,,sin_expediente
9240,,sin_expediente
9246,,sin_expediente
9250,67274,expediente_no_encontrado_en_pacientes
9268,,sin_expediente
9270,,sin_expediente
9281,,sin_expediente
9283,,sin_expediente
9290,,sin_expediente
9291,,sin_expediente
9300,,sin_expediente
9311,,sin_expediente
9317,,sin_expediente
9319,,sin_expediente
9322,,sin_expediente
9328,,sin_expediente
9331,,sin_expediente
9334,,sin_expediente
9339,,sin_expediente
9341,,sin_expediente
9342,,sin_expediente
9348,,sin_expediente
9349,,sin_expediente
9351,,sin_expediente
9355,,sin_expediente
9372,,sin_expediente
9375,,sin_expediente
9384,,sin_expediente
9387,,sin_expediente
9393,,sin_expediente
9401,,sin_expediente
9402,,sin_expediente
9406,,sin_expediente
9409,,sin_expediente
9411,,sin_expediente
9423,,sin_expediente
9427,,sin_expediente
9428,,sin_expediente
9429,,sin_expediente
9430,,sin_expediente
9436,,sin_expediente
9438,,sin_expediente
9442,,sin_expediente
9454,,sin_expediente
9456,,sin_expediente
9458,,sin_expediente
9459,,sin_expediente
9467,,sin_expediente
9475,,sin_expediente
9481,,sin_expediente
9484,,sin_expediente
9485,,sin_expediente
9488,,sin_expediente
9490,,sin_expediente
9492,,sin_expediente
9499,,sin_expediente
9503,,sin_expediente
9510,,sin_expediente
9516,,sin_expediente
9521,,sin_expediente
9522,,sin_expediente
9537,,sin_expediente
9545,,sin_expediente
9551,,sin_expediente
9552,,sin_expediente
9555,,sin_expediente
9559,,sin_expediente
9562,,sin_expediente
9567,,sin_expediente
9573,,sin_expediente
9576,,sin_expediente
9579,,sin_expediente
9582,,sin_expediente
9584,,sin_expediente
9587,,sin_expediente
9590,,sin_expediente
9611,,sin_expediente
9618,,sin_expediente
9628,,sin_expediente
9629,,sin_expediente
9631,,sin_expediente
9640,,sin_expediente
9641,,sin_expediente
9642,,sin_expediente
9650,,sin_expediente
9655,,sin_expediente
9658,,sin_expediente
9659,,sin_expediente
9660,,sin_expediente
9661,,sin_expediente
9663,,sin_expediente
9664,,sin_expediente
9665,,sin_expediente
9666,,sin_expediente
9667,,sin_expediente
9669,,sin_expediente
9672,,sin_expediente
9673,,sin_expediente
9677,,sin_expediente
9679,,sin_expediente
9682,,sin_expediente
9683,,sin_expediente
9684,,sin_expediente
9687,,sin_expediente
9688,,sin_expediente
9690,,sin_expediente
9692,,sin_expediente
9695,,sin_expediente
9701,,sin_expediente
9702,,sin_expediente
9703,,sin_expediente
9709,,sin_expediente
9713,,sin_expediente
9726,,sin_expediente
9730,,sin_expediente
9731,,sin_expediente
9734,,sin_expediente
9735,,sin_expediente
9738,,sin_expediente
9740,,sin_expediente
9744,,sin_expediente
9746,,sin_expediente
9753,,sin_expediente
9754,,sin_expediente
9767,,sin_expediente
9778,,sin_expediente
9780,,sin_expediente
9781,,sin_expediente
9783,,sin_expediente
9784,,sin_expediente
9789,,sin_expediente
9794,,sin_expediente
9805,,sin_expediente
9808,,sin_expediente
9810,,sin_expediente
9819,,sin_expediente
9820,,sin_expediente
9822,,sin_expediente
9824,,sin_expediente
9825,,sin_expediente
9830,,sin_expediente
9840,,sin_expediente
9842,,sin_expediente
9845,,sin_expediente
9850,,sin_expediente
9857,,sin_expediente
9860,,sin_expediente
9861,,sin_expediente
9866,,sin_expediente
9867,,sin_expediente
9868,,sin_expediente
9871,,sin_expediente
9872,,sin_expediente
9876,,sin_expediente
9877,,sin_expediente
9880,,sin_expediente
9881,,sin_expediente
9890,,sin_expediente
9893,,sin_expediente
9895,,sin_expediente
9896,,sin_expediente
9897,,sin_expediente
9901,,sin_expediente
9902,,sin_expediente
9904,,sin_expediente
9905,,sin_expediente
9910,,sin_expediente
9919,,sin_expediente
9924,,sin_expediente
9932,,sin_expediente
9934,,sin_expediente
9935,,sin_expediente
9936,,sin_expediente
9939,,sin_expediente
9955,,sin_expediente
9959,,sin_expediente
9968,,sin_expediente
9969,,sin_expediente
9970,,sin_expediente
9971,,sin_expediente
9972,,sin_expediente
9973,,sin_expediente
9980,,sin_expediente
9981,,sin_expediente
9985,,sin_expediente
9991,,sin_expediente
9995,,sin_expediente
10002,,sin_expediente
10003,,sin_expediente
10006,,sin_expediente
10010,,sin_expediente
10014,71343,expediente_no_encontrado_en_pacientes
10016,,sin_expediente
10021,,sin_expediente
10026,,sin_expediente
10027,,sin_expediente
10029,,sin_expediente
10038,,sin_expediente
10043,,sin_expediente
10062,,sin_expediente
10063,,sin_expediente
10064,,sin_expediente
10068,,sin_expediente
10069,,sin_expediente
10071,,sin_expediente
10072,,sin_expediente
10073,,sin_expediente
10074,,sin_expediente
10083,,sin_expediente
10084,,sin_expediente
10086,,sin_expediente
10094,,sin_expediente
10095,,sin_expediente
10104,,sin_expediente
10106,,sin_expediente
10112,,sin_expediente
10115,,sin_expediente
10121,,sin_expediente
10123,,sin_expediente
10126,,sin_expediente
10132,,sin_expediente
10140,,sin_expediente
10141,,sin_expediente
10143,,sin_expediente
10154,,sin_expediente
10155,,sin_expediente
10156,,sin_expediente
10172,,sin_expediente
10179,,sin_expediente
10185,,sin_expediente
10187,,sin_expediente
10197,,sin_expediente
10203,,sin_expediente
10204,,sin_expediente
10205,,sin_expediente
10206,,sin_expediente
10213,,sin_expediente
10214,,sin_expediente
10216,,sin_expediente
10217,,sin_expediente
10222,,sin_expediente
10231,,sin_expediente
10264,,sin_expediente
10269,,sin_expediente
10273,,sin_expediente
10281,,sin_expediente
10282,,sin_expediente
10283,,sin_expediente
10287,,sin_expediente
10295,,sin_expediente
10296,,sin_expediente
10300,,sin_expediente
10301,,sin_expediente
10304,,sin_expediente
10307,,sin_expediente
10313,,sin_expediente
10314,,sin_expediente
10315,,sin_expediente
10317,,sin_expediente
10319,,sin_expediente
10324,,sin_expediente
10331,,sin_expediente
10339,,sin_expediente
10340,,sin_expediente
10343,,sin_expediente
10344,,sin_expediente
10350,,sin_expediente
10351,,sin_expediente
10354,,sin_expediente
10356,,sin_expediente
10364,,sin_expediente
10367,,sin_expediente
10370,,sin_expediente
10380,,sin_expediente
10382,,sin_expediente
10384,,sin_expediente
10387,,sin_expediente
10388,,sin_expediente
10391,,sin_expediente
10401,,sin_expediente
10402,,sin_expediente
10414,,sin_expediente
10415,,sin_expediente
10429,,sin_expediente
10436,,sin_expediente
10438,,sin_expediente
10439,,sin_expediente
10441,,sin_expediente
10442,,sin_expediente
10449,,sin_expediente
10451,,sin_expediente
10452,,sin_expediente
10457,,sin_expediente
10458,,sin_expediente
10464,,sin_expediente
10468,,sin_expediente
10469,,sin_expediente
10470,,sin_expediente
10477,,sin_expediente
10496,,sin_expediente
10497,,sin_expediente
10498,,sin_expediente
10503,,sin_expediente
10504,,sin_expediente
10510,,sin_expediente
10511,,sin_expediente
10515,,sin_expediente
10516,,sin_expediente
10519,,sin_expediente
10522,,sin_expediente
10523,,sin_expediente
10525,,sin_expediente
10526,,sin_expediente
10531,,sin_expediente
10533,,sin_expediente
10539,,sin_expediente
10540,,sin_expediente
10541,,sin_expediente
10545,,sin_expediente
10554,,sin_expediente
10556,,sin_expediente
10565,,sin_expediente
10571,,sin_expediente
10574,,sin_expediente
10581,,sin_expediente
10583,,sin_expediente
10596,,sin_expediente
10600,,sin_expediente
10601,,sin_expediente
10609,,sin_expediente
10611,,sin_expediente
10612,,sin_expediente
10617,,sin_expediente
10630,,sin_expediente
10633,,sin_expediente
10637,,sin_expediente
10639,,sin_expediente
10640,,sin_expediente
10641,,sin_expediente
10647,,sin_expediente
10650,,sin_expediente
10651,,sin_expediente
10655,,sin_expediente
10657,,sin_expediente
10658,,sin_expediente
10664,,sin_expediente
10673,,sin_expediente
10685,,sin_expediente
10686,,sin_expediente
10687,,sin_expediente
10688,,sin_expediente
10690,,sin_expediente
10692,,sin_expediente
10693,,sin_expediente
10699,,sin_expediente
10703,,sin_expediente
10704,,sin_expediente
10705,,sin_expediente
10706,,sin_expediente
10707,,sin_expediente
10709,,sin_expediente
10713,,sin_expediente
10719,,sin_expediente
10728,,sin_expediente
10729,,sin_expediente
10733,,sin_expediente
10737,,sin_expediente
10743,,sin_expediente
10744,,sin_expediente
10754,,sin_expediente
10755,,sin_expediente
10759,,sin_expediente
10761,,sin_expediente
10762,,sin_expediente
10766,,sin_expediente
10770,,sin_expediente
10772,,sin_expediente
10773,,sin_expediente
10775,,sin_expediente
10776,,sin_expediente
10781,,sin_expediente
10782,,sin_expediente
10801,,sin_expediente
10803,,sin_expediente
10804,,sin_expediente
10805,,sin_expediente
10806,,sin_expediente
10807,,sin_expediente
10812,,sin_expediente
10814,,sin_expediente
10818,,sin_expediente
10821,,sin_expediente
10823,,sin_expediente
10824,,sin_expediente
10826,,sin_expediente
10832,,sin_expediente
10838,,sin_expediente
10844,,sin_expediente
10847,,sin_expediente
10848,,sin_expediente
10851,,sin_expediente
10854,,sin_expediente
10863,,sin_expediente
10868,,sin_expediente
10872,,sin_expediente
10874,,sin_expediente
10875,,sin_expediente
10876,,sin_expediente
10877,,sin_expediente
10878,,sin_expediente
10879,,sin_expediente
10884,,sin_expediente
10887,,sin_expediente
10890,,sin_expediente
10904,,sin_expediente
10905,,sin_expediente
10907,,sin_expediente
10908,,sin_expediente
10910,,sin_expediente
10915,,sin_expediente
10916,,sin_expediente
10923,,sin_expediente
10924,,sin_expediente
10929,,sin_expediente
10930,,sin_expediente
10936,,sin_expediente
10948,,sin_expediente
10951,,sin_expediente
10953,,sin_expediente
10959,,sin_expediente
10960,,sin_expediente
10965,,sin_expediente
10966,,sin_expediente
10967,,sin_expediente
10971,,sin_expediente
10972,,sin_expediente
10981,,sin_expediente
10991,,sin_expediente
10993,,sin_expediente
10995,,sin_expediente
10996,,sin_expediente
11000,,sin_expediente
11002,,sin_expediente
11005,,sin_expediente
11010,,sin_expediente
11014,,sin_expediente
11015,,sin_expediente
11017,,sin_expediente
11026,,sin_expediente
11035,,sin_expediente
11036,,sin_expediente
11039,,sin_expediente
11050,,sin_expediente
11051,,sin_expediente
11053,,sin_expediente
11055,,sin_expediente
11057,,sin_expediente
11058,,sin_expediente
11060,,sin_expediente
11063,,sin_expediente
11065,,sin_expediente
11068,,sin_expediente
11072,,sin_expediente
11074,,sin_expediente
11076,,sin_expediente
11079,,sin_expediente
11082,,sin_expediente
11092,,sin_expediente
11094,,sin_expediente
11099,,sin_expediente
11103,,sin_expediente
11106,,sin_expediente
11107,,sin_expediente
11115,,sin_expediente
11116,,sin_expediente
11117,,sin_expediente
11119,,sin_expediente
11122,,sin_expediente
11123,,sin_expediente
11125,,sin_expediente
11128,,sin_expediente
11129,,sin_expediente
11130,,sin_expediente
11133,,sin_expediente
11135,,sin_expediente
11136,,sin_expediente
11139,,sin_expediente
11140,,sin_expediente
11143,,sin_expediente
11153,,sin_expediente
11156,,sin_expediente
11163,,sin_expediente
11172,70880,expediente_no_encontrado_en_pacientes
11181,,sin_expediente
11183,,sin_expediente
11203,,sin_expediente
11206,,sin_expediente
11207,,sin_expediente
11213,,sin_expediente
11216,,sin_expediente
11224,,sin_expediente
11226,,sin_expediente
11227,,sin_expediente
11229,,sin_expediente
11231,,sin_expediente
11233,,sin_expediente
11237,,sin_expediente
11240,,sin_expediente
11241,,sin_expediente
11242,,sin_expediente
11245,,sin_expediente
11249,,sin_expediente
11252,,sin_expediente
11254,,sin_expediente
11255,,sin_expediente
11256,,sin_expediente
11261,,sin_expediente
11270,,sin_expediente
11281,,sin_expediente
11284,,sin_expediente
11285,,sin_expediente
11287,,sin_expediente
11299,,sin_expediente
11302,,sin_expediente
11303,,sin_expediente
11304,,sin_expediente
11305,,sin_expediente
11318,,sin_expediente
11324,,sin_expediente
11327,,sin_expediente
11328,,sin_expediente
11330,,sin_expediente
11335,,sin_expediente
11339,,sin_expediente
11340,,sin_expediente
11341,,sin_expediente
11348,,sin_expediente
11358,,sin_expediente
11359,,sin_expediente
11363,,sin_expediente
11364,,sin_expediente
11367,,sin_expediente
11371,,sin_expediente
11380,,sin_expediente
11392,,sin_expediente
11401,,sin_expediente
11406,,sin_expediente
11411,,sin_expediente
11412,,sin_expediente
11414,,sin_expediente
11418,,sin_expediente
11420,,sin_expediente
11427,,sin_expediente
11429,,sin_expediente
11431,,sin_expediente
11434,,sin_expediente
11436,,sin_expediente
11440,,sin_expediente
11441,,sin_expediente
11447,,sin_expediente
11449,,sin_expediente
11450,,sin_expediente
11451,,sin_expediente
11454,,sin_expediente
11459,,sin_expediente
11470,,sin_expediente
11474,,sin_expediente
11475,,sin_expediente
11479,,sin_expediente
11483,,sin_expediente
11493,,sin_expediente
11504,,sin_expediente
11506,,sin_expediente
11514,,sin_expediente
11518,,sin_expediente
11521,,sin_expediente
11531,,sin_expediente
11534,,sin_expediente
11536,,sin_expediente
11541,,sin_expediente
11543,,sin_expediente
11544,,sin_expediente
11545,,sin_expediente
11548,,sin_expediente
11553,,sin_expediente
11559,,sin_expediente
11560,,sin_expediente
11562,,sin_expediente
11568,,sin_expediente
11571,,sin_expediente
11581,,sin_expediente
11583,,sin_expediente
11584,,sin_expediente
11588,,sin_expediente
11592,,sin_expediente
11594,,sin_expediente
11595,,sin_expediente
11598,,sin_expediente
11601,,sin_expediente
11604,,sin_expediente
11609,,sin_expediente
11611,,sin_expediente
11613,,sin_expediente
11617,,sin_expediente
11619,,sin_expediente
11625,,sin_expediente
11626,,sin_expediente
11633,,sin_expediente
11641,,sin_expediente
11642,,sin_expediente
11661,,sin_expediente
11664,,sin_expediente
11667,,sin_expediente
11669,,sin_expediente
11670,70880,expediente_no_encontrado_en_pacientes
11677,,sin_expediente
11680,,sin_expediente
11682,,sin_expediente
11688,,sin_expediente
11690,,sin_expediente
11699,,sin_expediente
11700,,sin_expediente
11705,,sin_expediente
11706,,sin_expediente
11709,,sin_expediente
11725,,sin_expediente
11726,,sin_expediente
11728,,sin_expediente
11730,,sin_expediente
11734,,sin_expediente
11738,,sin_expediente
11745,,sin_expediente
11750,,sin_expediente
11760,,sin_expediente
11763,,sin_expediente
11766,,sin_expediente
11771,,sin_expediente
11774,,sin_expediente
11780,,sin_expediente
11791,,sin_expediente
11792,,sin_expediente
11793,,sin_expediente
11794,,sin_expediente
11801,,sin_expediente
11802,,sin_expediente
11808,,sin_expediente
11810,,sin_expediente
11811,,sin_expediente
11828,,sin_expediente
11833,,sin_expediente
11834,,sin_expediente
11836,,sin_expediente
11838,,sin_expediente
11839,,sin_expediente
11840,,sin_expediente
11842,,sin_expediente
11847,,sin_expediente
11849,,sin_expediente
11850,,sin_expediente
11855,,sin_expediente
11856,,sin_expediente
11860,,sin_expediente
11869,,sin_expediente
11873,,sin_expediente
11874,,sin_expediente
11877,,sin_expediente
11882,,sin_expediente
11891,,sin_expediente
11895,,sin_expediente
11900,,sin_expediente
11901,,sin_expediente
11908,,sin_expediente
11909,,sin_expediente
11912,,sin_expediente
11927,,sin_expediente
11934,,sin_expediente
11936,,sin_expediente
11937,,sin_expediente
11938,,sin_expediente
11940,,sin_expediente
11942,,sin_expediente
11943,,sin_expediente
11956,,sin_expediente
11957,,sin_expediente
11958,,sin_expediente
11962,,sin_expediente
11968,,sin_expediente
11971,,sin_expediente
11975,,sin_expediente
11977,,sin_expediente
11979,,sin_expediente
11980,,sin_expediente
11988,,sin_expediente
11991,,sin_expediente
11993,,sin_expediente
11995,,sin_expediente
11996,,sin_expediente
11998,,sin_expediente
12002,,sin_expediente
12008,,sin_expediente
12009,,sin_expediente
12014,,sin_expediente
12018,,sin_expediente
12022,,sin_expediente
12023,,sin_expediente
12026,,sin_expediente
12032,,sin_expediente
12037,,sin_expediente
12042,,sin_expediente
12053,,sin_expediente
12054,,sin_expediente
12060,,sin_expediente
12072,,sin_expediente
12075,,sin_expediente
12079,,sin_expediente
12082,,sin_expediente
12088,,sin_expediente
12089,,sin_expediente
12093,,sin_expediente
12110,,sin_expediente
12111,,sin_expediente
12114,,sin_expediente
12116,,sin_expediente
12117,,sin_expediente
12118,,sin_expediente
12121,,sin_expediente
12127,,sin_expediente
12132,,sin_expediente
12136,,sin_expediente
12139,,sin_expediente
12146,,sin_expediente
12150,,sin_expediente
12153,,sin_expediente
12154,,sin_expediente
12155,,sin_expediente
12156,,sin_expediente
12158,,sin_expediente
12166,,sin_expediente
12171,,sin_expediente
12172,,sin_expediente
12175,,sin_expediente
12197,,sin_expediente
12207,,sin_expediente
12213,,sin_expediente
12214,,sin_expediente
12231,,sin_expediente
12232,,sin_expediente
12233,,sin_expediente
12241,,sin_expediente
12250,,sin_expediente
12254,,sin_expediente
12258,,sin_expediente
12268,,sin_expediente
12274,,sin_expediente
12282,,sin_expediente
12290,,sin_expediente
12291,,sin_expediente
12302,,sin_expediente
12303,,sin_expediente
12309,,sin_expediente
12310,,sin_expediente
12317,,sin_expediente
12319,,sin_expediente
12322,,sin_expediente
12324,,sin_expediente
12327,,sin_expediente
12340,,sin_expediente
12341,,sin_expediente
12345,,sin_expediente
12349,,sin_expediente
12351,,sin_expediente
12357,,sin_expediente
12358,,sin_expediente
12363,,sin_expediente
12371,,sin_expediente
12372,,sin_expediente
12374,,sin_expediente
12380,,sin_expediente
12387,,sin_expediente
12399,,sin_expediente
12404,,sin_expediente
12409,,sin_expediente
12410,,sin_expediente
12411,72813,expediente_no_encontrado_en_pacientes
12422,,sin_expediente
12426,,sin_expediente
12432,,sin_expediente
12433,,sin_expediente
12434,,sin_expediente
12435,,sin_expediente
12436,,sin_expediente
12437,,sin_expediente
12438,,sin_expediente
12440,,sin_expediente
12445,,sin_expediente
12448,,sin_expediente
12449,,sin_expediente
12450,,sin_expediente
12454,,sin_expediente
12458,,sin_expediente
12461,,sin_expediente
12463,,sin_expediente
12469,,sin_expediente
12475,,sin_expediente
12477,,sin_expediente
12478,,sin_expediente
12481,,sin_expediente
12484,,sin_expediente
12487,,sin_expediente
12489,,sin_expediente
12491,,sin_expediente
12499,,sin_expediente
12500,,sin_expediente
12501,,sin_expediente
12502,,sin_expediente
12505,,sin_expediente
12508,,sin_expediente
12509,,sin_expediente
12519,,sin_expediente
12521,,sin_expediente
12528,,sin_expediente
12531,,sin_expediente
12533,,sin_expediente
12534,,sin_expediente
12547,,sin_expediente
12561,,sin_expediente
12563,,sin_expediente
12565,,sin_expediente
12568,,sin_expediente
12569,,sin_expediente
12570,,sin_expediente
12572,,sin_expediente
12574,,sin_expediente
12575,,sin_expediente
12581,,sin_expediente
12584,,sin_expediente
12587,,sin_expediente
12588,,sin_expediente
12589,,sin_expediente
12593,,sin_expediente
12596,,sin_expediente
12597,,sin_expediente
12610,,sin_expediente
12612,,sin_expediente
12614,,sin_expediente
12615,,sin_expediente
12616,,sin_expediente
12622,,sin_expediente
12630,,sin_expediente
12634,,sin_expediente
12635,,sin_expediente
12639,,sin_expediente
12641,,sin_expediente
12642,,sin_expediente
12643,,sin_expediente
12645,,sin_expediente
12647,,sin_expediente
12651,,sin_expediente
12653,,sin_expediente
12655,,sin_expediente
12660,,sin_expediente
12661,,sin_expediente
12668,,sin_expediente
12669,,sin_expediente
12672,,sin_expediente
12673,,sin_expediente
12677,,sin_expediente
12683,,sin_expediente
12684,,sin_expediente
12687,,sin_expediente
12692,,sin_expediente
12693,,sin_expediente
12699,,sin_expediente
12701,,sin_expediente
12704,,sin_expediente
12706,,sin_expediente
12707,,sin_expediente
12710,,sin_expediente
12713,,sin_expediente
12714,,sin_expediente
12718,,sin_expediente
12720,,sin_expediente
12722,,sin_expediente
12724,,sin_expediente
12728,,sin_expediente
12734,,sin_expediente
12737,,sin_expediente
12739,,sin_expediente
12741,,sin_expediente
12743,,sin_expediente
12745,,sin_expediente
12747,,sin_expediente
12748,,sin_expediente
12749,,sin_expediente
12750,,sin_expediente
12752,,sin_expediente
12757,,sin_expediente
12763,,sin_expediente
12764,,sin_expediente
12765,,sin_expediente
12770,,sin_expediente
12779,,sin_expediente
12781,,sin_expediente
12783,,sin_expediente
12785,,sin_expediente
12786,,sin_expediente
12796,,sin_expediente
12801,,sin_expediente
12806,,sin_expediente
12808,,sin_expediente
12811,,sin_expediente
12833,,sin_expediente
12841,,sin_expediente
12846,,sin_expediente
12848,,sin_expediente
12850,,sin_expediente
12853,,sin_expediente
12856,,sin_expediente
12861,,sin_expediente
12865,,sin_expediente
12867,,sin_expediente
12870,,sin_expediente
12876,,sin_expediente
12881,,sin_expediente
12886,,sin_expediente
12887,,sin_expediente
12889,,sin_expediente
12890,,sin_expediente
12894,72813,expediente_no_encontrado_en_pacientes
12901,,sin_expediente
12918,,sin_expediente
12922,,sin_expediente
12923,,sin_expediente
12927,,sin_expediente
12928,,sin_expediente
12931,,sin_expediente
12934,,sin_expediente
12937,,sin_expediente
12939,,sin_expediente
12947,,sin_expediente
12951,,sin_expediente
12953,,sin_expediente
12956,,sin_expediente
12960,,sin_expediente
12962,,sin_expediente
12965,,sin_expediente
12966,,sin_expediente
12970,,sin_expediente
12974,,sin_expediente
12975,,sin_expediente
12984,,sin_expediente
12991,,sin_expediente
12994,,sin_expediente
13003,,sin_expediente
13008,,sin_expediente
13009,,sin_expediente
13010,,sin_expediente
13011,,sin_expediente
13015,,sin_expediente
13016,,sin_expediente
13018,,sin_expediente
13021,,sin_expediente
13022,,sin_expediente
13028,,sin_expediente
13031,,sin_expediente
13039,,sin_expediente
13042,,sin_expediente
13043,,sin_expediente
13044,,sin_expediente
13051,,sin_expediente
13059,,sin_expediente
13063,,sin_expediente
13065,,sin_expediente
13066,,sin_expediente
13067,,sin_expediente
13074,,sin_expediente
13076,,sin_expediente
13079,,sin_expediente
13080,,sin_expediente
13084,,sin_expediente
13090,,sin_expediente
13093,,sin_expediente
13096,,sin_expediente
13101,,sin_expediente
13111,,sin_expediente
13113,,sin_expediente
13114,,sin_expediente
13115,,sin_expediente
13119,,sin_expediente
13121,,sin_expediente
13130,,sin_expediente
13138,,sin_expediente
13143,,sin_expediente
13146,,sin_expediente
13155,,sin_expediente
13157,,sin_expediente
13171,,sin_expediente
13177,,sin_expediente
13178,72813,expediente_no_encontrado_en_pacientes
13179,,sin_expediente
13180,,sin_expediente
13189,,sin_expediente
13193,,sin_expediente
13194,,sin_expediente
13195,,sin_expediente
13199,,sin_expediente
13204,,sin_expediente
13205,,sin_expediente
13216,,sin_expediente
13218,,sin_expediente
13219,,sin_expediente
13224,,sin_expediente
13225,,sin_expediente
13229,,sin_expediente
13230,,sin_expediente
13232,,sin_expediente
13233,,sin_expediente
13234,,sin_expediente
13241,,sin_expediente
13243,,sin_expediente
13246,,sin_expediente
13249,,sin_expediente
13254,,sin_expediente
13259,,sin_expediente
13264,,sin_expediente
13265,,sin_expediente
13266,,sin_expediente
13267,,sin_expediente
13270,,sin_expediente
13275,,sin_expediente
13278,,sin_expediente
13280,,sin_expediente
13285,,sin_expediente
13297,73299,expediente_no_encontrado_en_pacientes
13304,,sin_expediente
13308,,sin_expediente
13322,,sin_expediente
13324,,sin_expediente
13328,,sin_expediente
13332,,sin_expediente
13334,,sin_expediente
13336,,sin_expediente
13337,,sin_expediente
13340,,sin_expediente
13341,,sin_expediente
13353,,sin_expediente
13364,,sin_expediente
13365,,sin_expediente
13366,,sin_expediente
13373,,sin_expediente
13376,,sin_expediente
13382,,sin_expediente
13393,,sin_expediente
13395,,sin_expediente
13402,,sin_expediente
13406,,sin_expediente
13412,,sin_expediente
13413,,sin_expediente
13414,,sin_expediente
13415,,sin_expediente
13416,,sin_expediente
13417,,sin_expediente
13420,,sin_expediente
13421,,sin_expediente
13428,,sin_expediente
13437,,sin_expediente
13443,,sin_expediente
13446,,sin_expediente
13452,,sin_expediente
13454,,sin_expediente
13456,,sin_expediente
13457,,sin_expediente
13458,,sin_expediente
13463,,sin_expediente
13466,,sin_expediente
13467,,sin_expediente
13487,,sin_expediente
13490,,sin_expediente
13492,,sin_expediente
13496,,sin_expediente
13497,,sin_expediente
13498,,sin_expediente
13502,,sin_expediente
13504,,sin_expediente
13505,,sin_expediente
13508,,sin_expediente
13517,,sin_expediente
13522,,sin_expediente
13526,,sin_expediente
13535,,sin_expediente
13537,,sin_expediente
13541,,sin_expediente
13547,,sin_expediente
13548,,sin_expediente
13549,,sin_expediente
13553,,sin_expediente
13572,,sin_expediente
13582,,sin_expediente
13585,,sin_expediente
13587,,sin_expediente
13592,,sin_expediente
13595,,sin_expediente
13599,,sin_expediente
13603,,sin_expediente
13609,,sin_expediente
13611,,sin_expediente
13613,,sin_expediente
13614,,sin_expediente
13645,,sin_expediente
13646,,sin_expediente
13650,,sin_expediente
13654,,sin_expediente
13661,,sin_expediente
13666,,sin_expediente
13691,,sin_expediente
13692,,sin_expediente
13696,,sin_expediente
13712,,sin_expediente
13716,,sin_expediente
13718,,sin_expediente
13730,,sin_expediente
13739,,sin_expediente
13747,,sin_expediente
13754,,sin_expediente
13758,,sin_expediente
13763,,sin_expediente
13774,73971,expediente_no_encontrado_en_pacientes
13776,,sin_expediente
13792,,sin_expediente
13799,,sin_expediente
13801,,sin_expediente
13831,,sin_expediente
13841,,sin_expediente
13842,,sin_expediente
13859,,sin_expediente
13862,,sin_expediente
13875,,sin_expediente
13877,,sin_expediente
13883,,sin_expediente
13888,,sin_expediente
13889,,sin_expediente
13896,,sin_expediente
13897,,sin_expediente
13901,,sin_expediente
13903,73970,expediente_no_encontrado_en_pacientes
13906,,sin_expediente
13907,,sin_expediente
13911,,sin_expediente
13912,,sin_expediente
13922,,sin_expediente
13923,,sin_expediente
13937,,sin_expediente
13938,,sin_expediente
13939,,sin_expediente
13951,,sin_expediente
13953,,sin_expediente
13955,,sin_expediente
13957,,sin_expediente
13960,,sin_expediente
13963,,sin_expediente
13968,,sin_expediente
13974,,sin_expediente
13975,,sin_expediente
13976,,sin_expediente
13977,,sin_expediente
13982,,sin_expediente
13984,,sin_expediente
13986,,sin_expediente
14009,,sin_expediente
14010,,sin_expediente
14012,,sin_expediente
14015,,sin_expediente
14026,,sin_expediente
14028,,sin_expediente
14030,,sin_expediente
14040,,sin_expediente
14055,,sin_expediente
14059,,sin_expediente
14060,,sin_expediente
14075,,sin_expediente
14077,,sin_expediente
14082,,sin_expediente
14106,,sin_expediente
14108,,sin_expediente
14110,,sin_expediente
14120,,sin_expediente
14122,,sin_expediente
14124,,sin_expediente
14133,,sin_expediente
14141,,sin_expediente
14148,,sin_expediente
14151,,sin_expediente
14156,,sin_expediente
14166,,sin_expediente
14169,,sin_expediente
14184,,sin_expediente
14188,,sin_expediente
14193,,sin_expediente
14194,,sin_expediente
14202,,sin_expediente
14209,,sin_expediente
14212,,sin_expediente
14214,,sin_expediente
14218,,sin_expediente
14223,,sin_expediente
14224,,sin_expediente
14229,,sin_expediente
14236,,sin_expediente
14238,,sin_expediente
14240,,sin_expediente
14249,,sin_expediente
14259,,sin_expediente
14261,,sin_expediente
14267,,sin_expediente
14272,,sin_expediente
14274,,sin_expediente
14275,,sin_expediente
14276,,sin_expediente
14287,,sin_expediente
14300,,sin_expediente
14314,,sin_expediente
14315,,sin_expediente
14326,,sin_expediente
14346,,sin_expediente
14353,,sin_expediente
14355,,sin_expediente
14356,,sin_expediente
14360,,sin_expediente
14363,,sin_expediente
14366,,sin_expediente
14371,,sin_expediente
14372,,sin_expediente
14376,,sin_expediente
14380,,sin_expediente
14386,,sin_expediente
14399,,sin_expediente
14408,,sin_expediente
14415,,sin_expediente
14418,,sin_expediente
14420,,sin_expediente
14428,,sin_expediente
14439,,sin_expediente
14440,,sin_expediente
14441,,sin_expediente
14459,,sin_expediente
14463,,sin_expediente
14464,,sin_expediente
14473,,sin_expediente
14475,,sin_expediente
14478,,sin_expediente
14493,,sin_expediente
14501,,sin_expediente
14503,,sin_expediente
14504,,sin_expediente
14506,,sin_expediente
14514,,sin_expediente
14521,,sin_expediente
14529,,sin_expediente
14532,,sin_expediente
14554,,sin_expediente
14560,,sin_expediente
14574,,sin_expediente
14578,,sin_expediente
14595,,sin_expediente
14598,,sin_expediente
14601,,sin_expediente
14605,,sin_expediente
14607,,sin_expediente
14608,,sin_expediente
14613,,sin_expediente
14615,,sin_expediente
14618,,sin_expediente
14619,,sin_expediente
14620,,sin_expediente
14624,,sin_expediente
14625,,sin_expediente
14627,,sin_expediente
14632,,sin_expediente
14647,,sin_expediente
14648,,sin_expediente
14661,,sin_expediente
14665,,sin_expediente
14666,,sin_expediente
14667,,sin_expediente
14672,,sin_expediente
14674,,sin_expediente
14678,,sin_expediente
14683,,sin_expediente
14685,,sin_expediente
14687,,sin_expediente
14688,,sin_expediente
14705,,sin_expediente
14712,,sin_expediente
14723,,sin_expediente
14732,,sin_expediente
14733,,sin_expediente
14734,,sin_expediente
14738,,sin_expediente
14748,,sin_expediente
14758,75060,expediente_no_encontrado_en_pacientes
14759,75060,expediente_no_encontrado_en_pacientes
14761,,sin_expediente
14770,,sin_expediente
14773,,sin_expediente
14780,,sin_expediente
14791,74470,expediente_no_encontrado_en_pacientes
14796,,sin_expediente
14802,,sin_expediente
14803,,sin_expediente
14804,,sin_expediente
14807,,sin_expediente
14815,,sin_expediente
14817,,sin_expediente
14818,,sin_expediente
14819,,sin_expediente
14826,,sin_expediente
14833,,sin_expediente
14836,,sin_expediente
14841,,sin_expediente
14851,,sin_expediente
14861,,sin_expediente
14876,,sin_expediente
14878,,sin_expediente
14880,,sin_expediente
14881,,sin_expediente
14888,,sin_expediente
14890,,sin_expediente
14891,,sin_expediente
14895,,sin_expediente
14897,,sin_expediente
14899,,sin_expediente
14902,,sin_expediente
14903,,sin_expediente
14908,,sin_expediente
14913,,sin_expediente
14914,,sin_expediente
14917,,sin_expediente
14919,,sin_expediente
14921,,sin_expediente
14925,,sin_expediente
14932,,sin_expediente
14934,,sin_expediente
14935,,sin_expediente
14943,,sin_expediente
14948,,sin_expediente
14981,,sin_expediente
14984,,sin_expediente
14996,,sin_expediente
15001,,sin_expediente
15007,67274,expediente_no_encontrado_en_pacientes
15014,,sin_expediente
15023,,sin_expediente
15026,,sin_expediente
15032,,sin_expediente
15034,,sin_expediente
15038,,sin_expediente
15041,,sin_expediente
15043,,sin_expediente
15044,,sin_expediente
15048,,sin_expediente
15050,,sin_expediente
15053,,sin_expediente
15070,,sin_expediente
15071,,sin_expediente
15073,,sin_expediente
15075,,sin_expediente
15076,75482,expediente_no_encontrado_en_pacientes
15082,,sin_expediente
15089,,sin_expediente
15090,,sin_expediente
15092,,sin_expediente
15093,,sin_expediente
15101,,sin_expediente
15105,,sin_expediente
15116,,sin_expediente
15117,,sin_expediente
15125,,sin_expediente
15136,,sin_expediente
15140,,sin_expediente
15145,,sin_expediente
15146,,sin_expediente
15148,,sin_expediente
15163,,sin_expediente
15165,,sin_expediente
15169,,sin_expediente
15179,,sin_expediente
15182,,sin_expediente
15196,,sin_expediente
15201,,sin_expediente
15215,,sin_expediente
15217,,sin_expediente
15218,,sin_expediente
15221,,sin_expediente
15223,,sin_expediente
15231,,sin_expediente
15240,,sin_expediente
15248,,sin_expediente
15258,,sin_expediente
15263,,sin_expediente
15267,,sin_expediente
15270,,sin_expediente
15273,75060,expediente_no_encontrado_en_pacientes
15285,,sin_expediente
15286,,sin_expediente
15298,,sin_expediente
15300,,sin_expediente
15302,,sin_expediente
15303,,sin_expediente
15304,,sin_expediente
15317,,sin_expediente
15319,,sin_expediente
15322,,sin_expediente
15324,,sin_expediente
15329,,sin_expediente
15333,,sin_expediente
15343,,sin_expediente
15346,,sin_expediente
15351,,sin_expediente
15352,,sin_expediente
15353,,sin_expediente
15354,,sin_expediente
15357,,sin_expediente
15366,,sin_expediente
15370,,sin_expediente
15373,,sin_expediente
15384,,sin_expediente
15391,,sin_expediente
15392,,sin_expediente
15409,,sin_expediente
15410,,sin_expediente
15421,,sin_expediente
15431,,sin_expediente
15443,,sin_expediente
15464,,sin_expediente
15468,,sin_expediente
15475,,sin_expediente
15497,,sin_expediente
15510,,sin_expediente
15519,,sin_expediente
15524,,sin_expediente
15525,,sin_expediente
15526,,sin_expediente
15528,,sin_expediente
15531,,sin_expediente
15536,,sin_expediente
15540,,sin_expediente
15549,,sin_expediente
15552,,sin_expediente
15563,,sin_expediente
15575,,sin_expediente
15577,,sin_expediente
15583,,sin_expediente
15587,,sin_expediente
15590,,sin_expediente
15591,,sin_expediente
15593,,sin_expediente
15598,,sin_expediente
15602,,sin_expediente
15617,,sin_expediente
15621,,sin_expediente
15626,,sin_expediente
15629,,sin_expediente
15634,,sin_expediente
15636,,sin_expediente
15642,,sin_expediente
15647,,sin_expediente
15651,,sin_expediente
15661,,sin_expediente
15671,,sin_expediente
15678,,sin_expediente
15681,,sin_expediente
15685,,sin_expediente
15687,,sin_expediente
15690,,sin_expediente
15694,,sin_expediente
15708,,sin_expediente
15712,,sin_expediente
15714,,sin_expediente
15718,,sin_expediente
15734,,sin_expediente
15736,,sin_expediente
15737,,sin_expediente
15741,,sin_expediente
15750,,sin_expediente
15751,,sin_expediente
15753,,sin_expediente
15756,,sin_expediente
15758,,sin_expediente
15767,,sin_expediente
15771,,sin_expediente
15790,,sin_expediente
15791,,sin_expediente
15793,,sin_expediente
15811,,sin_expediente
15835,,sin_expediente
15842,,sin_expediente
15849,,sin_expediente
15850,,sin_expediente
15852,,sin_expediente
15862,,sin_expediente
15870,,sin_expediente
15882,,sin_expediente
15885,,sin_expediente
15894,,sin_expediente
15897,,sin_expediente
15909,,sin_expediente
15910,,sin_expediente
15911,,sin_expediente
15914,,sin_expediente
15924,,sin_expediente
15926,,sin_expediente
15929,,sin_expediente
15936,40675,expediente_no_encontrado_en_pacientes
15952,,sin_expediente
15953,,sin_expediente
15954,,sin_expediente
15956,,sin_expediente
15959,,sin_expediente
15963,,sin_expediente
15967,,sin_expediente
15980,,sin_expediente
15986,,sin_expediente
15987,,sin_expediente
15993,,sin_expediente
15994,,sin_expediente
15996,,sin_expediente
15997,,sin_expediente
15999,,sin_expediente
16000,,sin_expediente
16011,,sin_expediente
16037,,sin_expediente
16050,,sin_expediente
16063,,sin_expediente
16064,,sin_expediente
16069,,sin_expediente
16070,,sin_expediente
16071,76057,expediente_no_encontrado_en_pacientes
16072,76057,expediente_no_encontrado_en_pacientes
16076,,sin_expediente
16077,,sin_expediente
16079,,sin_expediente
16080,,sin_expediente
16085,,sin_expediente
16088,,sin_expediente
16094,,sin_expediente
16097,,sin_expediente
16100,,sin_expediente
16107,,sin_expediente
16108,,sin_expediente
16118,,sin_expediente
16119,,sin_expediente
16122,,sin_expediente
16126,,sin_expediente
16132,,sin_expediente
16133,,sin_expediente
16147,,sin_expediente
16151,,sin_expediente
16180,,sin_expediente
16181,,sin_expediente
16183,,sin_expediente
16188,,sin_expediente
16197,,sin_expediente
16202,,sin_expediente
16205,,sin_expediente
16206,,sin_expediente
16229,,sin_expediente
16245,,sin_expediente
16246,,sin_expediente
16251,,sin_expediente
16267,76355,expediente_no_encontrado_en_pacientes
16268,76355,expediente_no_encontrado_en_pacientes
16275,,sin_expediente
16285,,sin_expediente
16288,,sin_expediente
16289,,sin_expediente
16291,,sin_expediente
16292,,sin_expediente
16295,76350,expediente_no_encontrado_en_pacientes
16298,,sin_expediente
16299,,sin_expediente
16308,,sin_expediente
16328,,sin_expediente
16331,,sin_expediente
16346,,sin_expediente
16351,,sin_expediente
16352,,sin_expediente
16353,,sin_expediente
16357,,sin_expediente
16361,,sin_expediente
16369,,sin_expediente
16380,,sin_expediente
16394,,sin_expediente
16409,,sin_expediente
16412,,sin_expediente
16416,,sin_expediente
16430,,sin_expediente
16433,,sin_expediente
16437,,sin_expediente
16445,,sin_expediente
16459,,sin_expediente
16461,,sin_expediente
16472,,sin_expediente
16481,,sin_expediente
16500,,sin_expediente
16508,,sin_expediente
16515,,sin_expediente
16516,,sin_expediente
16541,,sin_expediente
16542,,sin_expediente
16545,,sin_expediente
16551,,sin_expediente
16561,,sin_expediente
16562,,sin_expediente
16563,,sin_expediente
16566,,sin_expediente
16568,,sin_expediente
16571,,sin_expediente
16587,76350,expediente_no_encontrado_en_pacientes
16601,,sin_expediente
16602,76350,expediente_no_encontrado_en_pacientes
16616,,sin_expediente
16628,,sin_expediente
16633,,sin_expediente
16634,,sin_expediente
16645,,sin_expediente
16648,,sin_expediente
16657,,sin_expediente
16660,,sin_expediente
16665,,sin_expediente
16668,,sin_expediente
16671,,sin_expediente
16673,,sin_expediente
16689,,sin_expediente
16700,,sin_expediente
16702,,sin_expediente
16715,,sin_expediente
16716,,sin_expediente
16730,,sin_expediente
16732,,sin_expediente
16735,,sin_expediente
16737,,sin_expediente
16740,,sin_expediente
16741,,sin_expediente
16742,,sin_expediente
16756,,sin_expediente
16760,,sin_expediente
16773,,sin_expediente
16778,,sin_expediente
16779,,sin_expediente
16790,,sin_expediente
16791,,sin_expediente
16805,,sin_expediente
16820,,sin_expediente
16823,,sin_expediente
16829,,sin_expediente
16830,,sin_expediente
16834,,sin_expediente
16836,,sin_expediente
16838,,sin_expediente
16843,,sin_expediente
16847,,sin_expediente
16851,,sin_expediente
16864,,sin_expediente
16865,,sin_expediente
16866,,sin_expediente
16872,,sin_expediente
16875,,sin_expediente
16878,,sin_expediente
16883,,sin_expediente
16891,,sin_expediente
16892,,sin_expediente
16893,,sin_expediente
16902,,sin_expediente
16904,,sin_expediente
16907,,sin_expediente
16914,,sin_expediente
16919,,sin_expediente
16920,,sin_expediente
16922,,sin_expediente
16925,,sin_expediente
16935,,sin_expediente
16938,,sin_expediente
16939,,sin_expediente
16942,,sin_expediente
16958,,sin_expediente
16959,,sin_expediente
16965,,sin_expediente
16967,,sin_expediente
16984,,sin_expediente
16992,,sin_expediente
16993,,sin_expediente
16997,,sin_expediente
17004,,sin_expediente
17006,,sin_expediente
17008,,sin_expediente
17009,,sin_expediente
17012,,sin_expediente
17015,,sin_expediente
17017,,sin_expediente
17018,,sin_expediente
17020,,sin_expediente
17021,,sin_expediente
17031,,sin_expediente
17035,,sin_expediente
17036,,sin_expediente
17039,,sin_expediente
17046,,sin_expediente
17050,,sin_expediente
17052,,sin_expediente
17061,,sin_expediente
17066,,sin_expediente
17088,,sin_expediente
17093,,sin_expediente
17109,,sin_expediente
17110,,sin_expediente
17111,,sin_expediente
17113,,sin_expediente
17126,,sin_expediente
17144,,sin_expediente
17147,,sin_expediente
17148,,sin_expediente
17150,,sin_expediente
17158,,sin_expediente
17163,,sin_expediente
17167,,sin_expediente
17205,,sin_expediente
17206,,sin_expediente
17208,,sin_expediente
17209,,sin_expediente
17211,,sin_expediente
17213,,sin_expediente
17246,,sin_expediente
17250,,sin_expediente
17251,,sin_expediente
17270,,sin_expediente
17278,,sin_expediente
17286,,sin_expediente
17299,,sin_expediente
17300,,sin_expediente
17307,,sin_expediente
17312,,sin_expediente
17313,,sin_expediente
17316,,sin_expediente
17319,,sin_expediente
17322,,sin_expediente
17343,,sin_expediente
17344,,sin_expediente
17346,,sin_expediente
17349,,sin_expediente
17355,,sin_expediente
17356,,sin_expediente
17364,,sin_expediente
17372,,sin_expediente
17376,,sin_expediente
17382,,sin_expediente
17385,,sin_expediente
17387,,sin_expediente
17390,,sin_expediente
17397,,sin_expediente
17405,,sin_expediente
17414,,sin_expediente
17417,,sin_expediente
17420,,sin_expediente
17421,,sin_expediente
17428,,sin_expediente
17431,,sin_expediente
17438,,sin_expediente
17442,,sin_expediente
17447,,sin_expediente
17456,,sin_expediente
17473,,sin_expediente
17476,,sin_expediente
17491,,sin_expediente
17502,,sin_expediente
17504,,sin_expediente
17507,,sin_expediente
17508,,sin_expediente
17523,,sin_expediente
17530,,sin_expediente
17531,,sin_expediente
17539,,sin_expediente
17542,,sin_expediente
17554,,sin_expediente
17580,,sin_expediente
17584,,sin_expediente
17592,,sin_expediente
17599,,sin_expediente
17600,,sin_expediente
17607,,sin_expediente
17608,,sin_expediente
17617,,sin_expediente
17622,,sin_expediente
17625,,sin_expediente
17656,,sin_expediente
17664,,sin_expediente
17691,,sin_expediente
17714,,sin_expediente
17722,,sin_expediente
17730,,sin_expediente
17743,,sin_expediente
17753,,sin_expediente
17773,,sin_expediente
17775,77368,expediente_no_encontrado_en_pacientes
17786,,sin_expediente
17804,,sin_expediente
17806,,sin_expediente
17815,,sin_expediente
17833,,sin_expediente
17835,,sin_expediente
17844,,sin_expediente
17882,,sin_expediente
17883,,sin_expediente
17887,,sin_expediente
17888,,sin_expediente
17907,76355,expediente_no_encontrado_en_pacientes
17913,,sin_expediente
17938,,sin_expediente
17947,,sin_expediente
17951,,sin_expediente
17953,,sin_expediente
17965,,sin_expediente
17974,,sin_expediente
17977,,sin_expediente
17989,,sin_expediente
17998,,sin_expediente
18009,,sin_expediente
18016,,sin_expediente
18021,,sin_expediente
18030,,sin_expediente
18042,,sin_expediente
18056,,sin_expediente
18062,,sin_expediente
18065,,sin_expediente
18066,,sin_expediente
18078,,sin_expediente
18082,,sin_expediente
18087,76355,expediente_no_encontrado_en_pacientes
18088,,sin_expediente
18093,,sin_expediente
18114,,sin_expediente
18119,,sin_expediente
18122,,sin_expediente
18126,,sin_expediente
18134,,sin_expediente
18142,,sin_expediente
18151,,sin_expediente
18165,,sin_expediente
18176,,sin_expediente
18181,,sin_expediente
18191,,sin_expediente
18209,,sin_expediente
18221,,sin_expediente
18238,,sin_expediente
18247,,sin_expediente
18250,,sin_expediente
18252,,sin_expediente
18256,,sin_expediente
18260,,sin_expediente
18291,,sin_expediente
18301,,sin_expediente
18314,,sin_expediente
18317,,sin_expediente
18318,,sin_expediente
18320,,sin_expediente
18321,,sin_expediente
18332,,sin_expediente
18345,,sin_expediente
18353,,sin_expediente
18368,,sin_expediente
18369,,sin_expediente
18372,,sin_expediente
18388,,sin_expediente
18402,,sin_expediente
18410,,sin_expediente
18411,,sin_expediente
18419,,sin_expediente
18428,,sin_expediente
18447,,sin_expediente
18472,,sin_expediente
18473,,sin_expediente
18484,77939,expediente_no_encontrado_en_pacientes
18491,,sin_expediente
18511,,sin_expediente
18514,,sin_expediente
18530,,sin_expediente
18534,,sin_expediente
18542,,sin_expediente
18549,,sin_expediente
18556,,sin_expediente
18560,77535,expediente_no_encontrado_en_pacientes
18562,,sin_expediente
18563,,sin_expediente
18566,,sin_expediente
18579,,sin_expediente
18584,,sin_expediente
18589,,sin_expediente
18591,,sin_expediente
18593,,sin_expediente
18610,,sin_expediente
18614,,sin_expediente
18618,,sin_expediente
18629,,sin_expediente
18658,,sin_expediente
18672,,sin_expediente
18673,77163,expediente_no_encontrado_en_pacientes
18674,,sin_expediente
18680,,sin_expediente
18683,,sin_expediente
18691,,sin_expediente
18692,,sin_expediente
18705,,sin_expediente
18714,,sin_expediente
18717,,sin_expediente
18718,,sin_expediente
18719,,sin_expediente
18722,,sin_expediente
18727,,sin_expediente
18729,,sin_expediente
18731,,sin_expediente
18734,,sin_expediente
18742,,sin_expediente
18750,,sin_expediente
18762,,sin_expediente
18765,,sin_expediente
18774,,sin_expediente
18816,,sin_expediente
18829,,sin_expediente
18830,,sin_expediente
18832,,sin_expediente
18848,,sin_expediente
18849,77527,expediente_no_encontrado_en_pacientes
18872,,sin_expediente
18883,,sin_expediente
18891,,sin_expediente
18892,,sin_expediente
18901,,sin_expediente
18910,,sin_expediente
18911,,sin_expediente
18912,,sin_expediente
18936,,sin_expediente
18942,,sin_expediente
18948,,sin_expediente
18956,,sin_expediente
18962,,sin_expediente
18964,78025,expediente_no_encontrado_en_pacientes
18971,,sin_expediente
18979,,sin_expediente
18980,,sin_expediente
18986,,sin_expediente
18990,,sin_expediente
18994,,sin_expediente
18995,,sin_expediente
18996,,sin_expediente
19000,,sin_expediente
19001,,sin_expediente
19003,,sin_expediente
19004,,sin_expediente
19008,,sin_expediente
19018,,sin_expediente
19031,,sin_expediente
19051,,sin_expediente
19067,,sin_expediente
19074,,sin_expediente
19075,,sin_expediente
19082,,sin_expediente
19083,,sin_expediente
19084,,sin_expediente
19086,,sin_expediente
19087,,sin_expediente
19097,,sin_expediente
19118,,sin_expediente
19122,,sin_expediente
19124,,sin_expediente
19128,,sin_expediente
19147,,sin_expediente
19148,,sin_expediente
19153,,sin_expediente
19154,,sin_expediente
19164,,sin_expediente
19176,,sin_expediente
19205,,sin_expediente
19210,,sin_expediente
19215,,sin_expediente
19235,,sin_expediente
19243,,sin_expediente
19245,,sin_expediente
19246,,sin_expediente
19253,,sin_expediente
19265,,sin_expediente
19270,,sin_expediente
19274,,sin_expediente
19277,,sin_expediente
19278,,sin_expediente
19294,,sin_expediente
19305,,sin_expediente
19313,,sin_expediente
19323,,sin_expediente
19324,,sin_expediente
19329,,sin_expediente
19334,,sin_expediente
19343,,sin_expediente
19347,,sin_expediente
19353,,sin_expediente
19368,,sin_expediente
19377,,sin_expediente
19383,,sin_expediente
19387,,sin_expediente
19404,,sin_expediente
19447,75137,expediente_no_encontrado_en_pacientes
19457,,sin_expediente
19479,,sin_expediente
19487,,sin_expediente
19492,,sin_expediente
19495,,sin_expediente
19498,,sin_expediente
19506,,sin_expediente
19520,,sin_expediente
19521,,sin_expediente
19523,,sin_expediente
19528,,sin_expediente
19529,,sin_expediente
19531,,sin_expediente
19532,,sin_expediente
19537,,sin_expediente
19554,,sin_expediente
19564,75482,expediente_no_encontrado_en_pacientes
19565,,sin_expediente
19602,,sin_expediente
19609,,sin_expediente
19615,,sin_expediente
19628,,sin_expediente
19651,,sin_expediente
19655,,sin_expediente
19666,,sin_expediente
19668,,sin_expediente
19675,,sin_expediente
19676,,sin_expediente
19679,,sin_expediente
19687,,sin_expediente
19698,76355,expediente_no_encontrado_en_pacientes
19712,,sin_expediente
19713,,sin_expediente
19719,,sin_expediente
19728,,sin_expediente
19736,,sin_expediente
19739,,sin_expediente
19751,,sin_expediente
19763,,sin_expediente
19767,,sin_expediente
19768,,sin_expediente
19769,,sin_expediente
19773,,sin_expediente
19774,,sin_expediente
19790,,sin_expediente
19793,,sin_expediente
19845,,sin_expediente
19853,,sin_expediente
19854,,sin_expediente
19858,,sin_expediente
19862,78747,expediente_no_encontrado_en_pacientes
19865,,sin_expediente
19869,,sin_expediente
19874,,sin_expediente
19883,,sin_expediente
19907,,sin_expediente
19924,,sin_expediente
19927,,sin_expediente
19929,,sin_expediente
19931,,sin_expediente
19936,,sin_expediente
19952,,sin_expediente
19962,,sin_expediente
19989,,sin_expediente
19991,,sin_expediente
20023,,sin_expediente
20029,,sin_expediente
20030,,sin_expediente
20032,,sin_expediente
20038,,sin_expediente
20043,,sin_expediente
20055,,sin_expediente
20058,,sin_expediente
20065,,sin_expediente
20069,,sin_expediente
20070,,sin_expediente
20079,,sin_expediente
20087,,sin_expediente
20090,,sin_expediente
20096,,sin_expediente
20098,,sin_expediente
20103,,sin_expediente
20104,,sin_expediente
20109,,sin_expediente
20126,,sin_expediente
20145,77163,expediente_no_encontrado_en_pacientes
20158,,sin_expediente
20180,,sin_expediente
20215,,sin_expediente
20218,,sin_expediente
20223,,sin_expediente
20226,,sin_expediente
20227,,sin_expediente
20231,,sin_expediente
20236,,sin_expediente
20245,,sin_expediente
20248,,sin_expediente
20255,,sin_expediente
20268,,sin_expediente
20298,,sin_expediente
20309,,sin_expediente
20312,,sin_expediente
20314,,sin_expediente
20327,,sin_expediente
20329,,sin_expediente
20332,,sin_expediente
20334,,sin_expediente
20340,,sin_expediente
20350,,sin_expediente
20359,,sin_expediente
20378,78747,expediente_no_encontrado_en_pacientes
20419,,sin_expediente
20422,,sin_expediente
20424,,sin_expediente
20426,,sin_expediente
20427,,sin_expediente
20428,,sin_expediente
20429,,sin_expediente
20444,,sin_expediente
20458,,sin_expediente
20476,,sin_expediente
20477,,sin_expediente
20479,,sin_expediente
20485,,sin_expediente
20486,,sin_expediente
20488,73963,expediente_no_encontrado_en_pacientes
20500,,sin_expediente
20507,,sin_expediente
20520,,sin_expediente
20528,,sin_expediente
20531,,sin_expediente
20532,,sin_expediente
20551,,sin_expediente
20552,,sin_expediente
20558,,sin_expediente
20564,,sin_expediente
20572,,sin_expediente
20601,,sin_expediente
20603,,sin_expediente
20606,,sin_expediente
20611,,sin_expediente
20623,,sin_expediente
20624,,sin_expediente
20663,,sin_expediente
20675,,sin_expediente
20682,,sin_expediente
20683,,sin_expediente
20696,,sin_expediente
20698,,sin_expediente
20718,,sin_expediente
20722,,sin_expediente
20746,,sin_expediente
20756,,sin_expediente
20781,,sin_expediente
20807,,sin_expediente
20810,,sin_expediente
20834,,sin_expediente
20846,,sin_expediente
20847,73963,expediente_no_encontrado_en_pacientes
20854,,sin_expediente
20861,,sin_expediente
20869,,sin_expediente
20882,,sin_expediente
20892,,sin_expediente
20894,,sin_expediente
20910,,sin_expediente
20921,,sin_expediente
20926,,sin_expediente
20928,,sin_expediente
20936,77163,expediente_no_encontrado_en_pacientes
20944,,sin_expediente
20966,,sin_expediente
20972,79512,expediente_no_encontrado_en_pacientes
20980,,sin_expediente
20984,,sin_expediente
20994,,sin_expediente
20997,,sin_expediente
21001,,sin_expediente
21010,,sin_expediente
21011,,sin_expediente
21020,,sin_expediente
21050,,sin_expediente
21052,,sin_expediente
21065,,sin_expediente
21076,,sin_expediente
21083,,sin_expediente
21089,,sin_expediente
21100,,sin_expediente
21103,,sin_expediente
21105,,sin_expediente
21110,,sin_expediente
21122,,sin_expediente
21141,,sin_expediente
21144,,sin_expediente
21145,,sin_expediente
21150,,sin_expediente
21151,,sin_expediente
21156,,sin_expediente
21158,,sin_expediente
21180,,sin_expediente
21184,,sin_expediente
21196,,sin_expediente
21212,,sin_expediente
21216,,sin_expediente
21219,,sin_expediente
21232,,sin_expediente
21233,,sin_expediente
21236,,sin_expediente
21249,,sin_expediente
21251,,sin_expediente
21260,,sin_expediente
21261,,sin_expediente
21262,,sin_expediente
21264,,sin_expediente
21265,,sin_expediente
21266,,sin_expediente
21279,,sin_expediente
21311,,sin_expediente
21322,,sin_expediente
21326,,sin_expediente
21331,,sin_expediente
21345,,sin_expediente
21353,,sin_expediente
21361,,sin_expediente
21382,,sin_expediente
21399,,sin_expediente
21419,,sin_expediente
21421,,sin_expediente
21442,,sin_expediente
21444,,sin_expediente
21446,,sin_expediente
21455,,sin_expediente
21457,,sin_expediente
21473,,sin_expediente
21496,,sin_expediente
21539,,sin_expediente
21577,,sin_expediente
21600,,sin_expediente
21613,,sin_expediente
21616,,sin_expediente
21623,,sin_expediente
21628,,sin_expediente
21646,,sin_expediente
21647,,sin_expediente
21651,,sin_expediente
21655,,sin_expediente
21656,,sin_expediente
21661,,sin_expediente
21676,,sin_expediente
21690,,sin_expediente
21693,,sin_expediente
21697,,sin_expediente
21699,,sin_expediente
21707,,sin_expediente
21711,,sin_expediente
21726,,sin_expediente
21752,,sin_expediente
21755,,sin_expediente
21792,,sin_expediente
21801,,sin_expediente
21807,,sin_expediente
21809,,sin_expediente
21835,,sin_expediente
21846,,sin_expediente
21872,,sin_expediente
21876,,sin_expediente
21883,,sin_expediente
21899,,sin_expediente
21908,,sin_expediente
21909,,sin_expediente
21919,,sin_expediente
21927,,sin_expediente
21953,,sin_expediente
21961,,sin_expediente
21962,,sin_expediente
21964,,sin_expediente
21971,,sin_expediente
21990,,sin_expediente
22004,,sin_expediente
22022,,sin_expediente
22024,,sin_expediente
22036,,sin_expediente
22047,,sin_expediente
22060,,sin_expediente
22080,,sin_expediente
22087,,sin_expediente
22092,,sin_expediente
22093,,sin_expediente
22100,,sin_expediente
22108,,sin_expediente
22124,,sin_expediente
22135,,sin_expediente
22148,,sin_expediente
22150,,sin_expediente
22151,,sin_expediente
22175,,sin_expediente
22188,,sin_expediente
22199,,sin_expediente
22216,80283,expediente_no_encontrado_en_pacientes
22217,,sin_expediente
22235,,sin_expediente
22239,,sin_expediente
22250,,sin_expediente
22263,,sin_expediente
22264,,sin_expediente
22270,,sin_expediente
22271,,sin_expediente
22300,,sin_expediente
22305,77163,expediente_no_encontrado_en_pacientes
22311,,sin_expediente
22320,,sin_expediente
22327,,sin_expediente
22335,,sin_expediente
22338,,sin_expediente
22341,,sin_expediente
22342,,sin_expediente
22373,,sin_expediente
22379,,sin_expediente
22383,,sin_expediente
22386,,sin_expediente
22438,,sin_expediente
22443,,sin_expediente
22445,,sin_expediente
22466,,sin_expediente
22476,,sin_expediente
22520,,sin_expediente
22528,,sin_expediente
22530,,sin_expediente
22535,,sin_expediente
22543,,sin_expediente
22545,,sin_expediente
22547,,sin_expediente
22551,,sin_expediente
22560,,sin_expediente
22561,,sin_expediente
22562,,sin_expediente
22564,,sin_expediente
22573,,sin_expediente
22587,,sin_expediente
22590,77334,expediente_no_encontrado_en_pacientes
22595,,sin_expediente
22601,,sin_expediente
22607,,sin_expediente
22609,,sin_expediente
22642,,sin_expediente
22643,,sin_expediente
22652,,sin_expediente
22667,,sin_expediente
22669,,sin_expediente
22670,,sin_expediente
22677,,sin_expediente
22738,,sin_expediente
22743,,sin_expediente
22749,,sin_expediente
22759,,sin_expediente
22761,,sin_expediente
22765,,sin_expediente
22777,,sin_expediente
22787,,sin_expediente
22792,,sin_expediente
22793,,sin_expediente
22799,,sin_expediente
22818,,sin_expediente
22853,,sin_expediente
22863,,sin_expediente
22865,,sin_expediente
22874,,sin_expediente
22892,,sin_expediente
22896,,sin_expediente
22915,,sin_expediente
22918,,sin_expediente
22919,,sin_expediente
22951,,sin_expediente
22969,,sin_expediente
22970,,sin_expediente
22972,,sin_expediente
22977,,sin_expediente
22978,,sin_expediente
22979,,sin_expediente
22994,,sin_expediente
23008,,sin_expediente
23012,77334,expediente_no_encontrado_en_pacientes
23027,,sin_expediente
23040,,sin_expediente
23041,,sin_expediente
23042,,sin_expediente
23063,,sin_expediente
23075,,sin_expediente
23077,,sin_expediente
23087,,sin_expediente
23093,,sin_expediente
23110,,sin_expediente
23114,,sin_expediente
23117,,sin_expediente
23127,,sin_expediente
23131,,sin_expediente
23136,,sin_expediente
23151,80785,expediente_no_encontrado_en_pacientes
23153,,sin_expediente
23169,,sin_expediente
23180,,sin_expediente
23203,,sin_expediente
23208,,sin_expediente
23225,80808,expediente_no_encontrado_en_pacientes
23234,,sin_expediente
23235,,sin_expediente
23251,,sin_expediente
23257,,sin_expediente
23268,,sin_expediente
23277,,sin_expediente
23289,,sin_expediente
23295,,sin_expediente
23314,,sin_expediente
23326,,sin_expediente
23363,,sin_expediente
23366,,sin_expediente
23389,,sin_expediente
23392,,sin_expediente
23394,,sin_expediente
23397,,sin_expediente
23418,,sin_expediente
23420,,sin_expediente
23436,,sin_expediente
23444,,sin_expediente
23466,,sin_expediente
23469,,sin_expediente
23478,,sin_expediente
23491,,sin_expediente
23496,,sin_expediente
23497,,sin_expediente
23521,,sin_expediente
23535,,sin_expediente
23544,,sin_expediente
23550,,sin_expediente
23553,,sin_expediente
23595,,sin_expediente
23601,,sin_expediente
23602,,sin_expediente
23611,,sin_expediente
23614,,sin_expediente
23619,,sin_expediente
23634,,sin_expediente
23646,,sin_expediente
23657,,sin_expediente
23668,,sin_expediente
23671,,sin_expediente
23673,,sin_expediente
23674,,sin_expediente
23681,,sin_expediente
23687,,sin_expediente
23721,,sin_expediente
23725,,sin_expediente
23726,,sin_expediente
23752,,sin_expediente
23780,80785,expediente_no_encontrado_en_pacientes
23791,80808,expediente_no_encontrado_en_pacientes
23801,,sin_expediente
23835,,sin_expediente
23843,,sin_expediente
23854,,sin_expediente
23855,,sin_expediente
23857,,sin_expediente
23858,,sin_expediente
23859,,sin_expediente
23865,,sin_expediente
23868,,sin_expediente
23873,77334,expediente_no_encontrado_en_pacientes
23874,,sin_expediente
23895,,sin_expediente
23911,,sin_expediente
23915,,sin_expediente
23923,,sin_expediente
23934,,sin_expediente
23942,,sin_expediente
23950,,sin_expediente
23966,,sin_expediente
23972,,sin_expediente
23974,,sin_expediente
23981,,sin_expediente
23985,,sin_expediente
23997,81194,expediente_no_encontrado_en_pacientes
24008,,sin_expediente
24009,,sin_expediente
24031,,sin_expediente
24038,80283,expediente_no_encontrado_en_pacientes
24049,,sin_expediente
24061,,sin_expediente
24079,,sin_expediente
24083,,sin_expediente
24084,,sin_expediente
24089,,sin_expediente
24109,,sin_expediente
24116,75124,expediente_no_encontrado_en_pacientes
24133,,sin_expediente
24152,,sin_expediente
24173,,sin_expediente
24189,,sin_expediente
24191,,sin_expediente
24199,,sin_expediente
24234,,sin_expediente
24253,,sin_expediente
24254,,sin_expediente
24293,,sin_expediente
24294,,sin_expediente
24317,,sin_expediente
24333,81493,expediente_no_encontrado_en_pacientes
24346,,sin_expediente
24349,,sin_expediente
24359,,sin_expediente
24361,,sin_expediente
24375,,sin_expediente
24379,,sin_expediente
24388,,sin_expediente
24401,,sin_expediente
24404,,sin_expediente
24415,,sin_expediente
24420,,sin_expediente
24437,,sin_expediente
24463,,sin_expediente
24508,,sin_expediente
24526,,sin_expediente
24538,,sin_expediente
24539,,sin_expediente
24540,,sin_expediente
24542,,sin_expediente
24548,,sin_expediente
24569,,sin_expediente
24597,,sin_expediente
24603,,sin_expediente
24648,,sin_expediente
24664,,sin_expediente
24699,,sin_expediente
24720,,sin_expediente
24732,,sin_expediente
24774,,sin_expediente
24809,,sin_expediente
24812,,sin_expediente
24842,,sin_expediente
24918,,sin_expediente
24942,,sin_expediente
24951,,sin_expediente
24963,,sin_expediente
24976,,sin_expediente
25005,,sin_expediente
25044,,sin_expediente
25065,,sin_expediente
25067,,sin_expediente
25082,,sin_expediente
25098,,sin_expediente
25099,,sin_expediente
25103,,sin_expediente
25134,,sin_expediente
25208,,sin_expediente
25215,,sin_expediente
25264,82395,expediente_no_encontrado_en_pacientes
25265,,sin_expediente
25281,,sin_expediente
25284,,sin_expediente
25309,82395,expediente_no_encontrado_en_pacientes
25356,,sin_expediente
25360,,sin_expediente
25363,,sin_expediente
25418,,sin_expediente
25419,,sin_expediente
25447,,sin_expediente
25490,,sin_expediente
25510,,sin_expediente
25520,,sin_expediente
25521,,sin_expediente
25526,,sin_expediente
25590,,sin_expediente
25608,,sin_expediente
25610,,sin_expediente
25632,,sin_expediente
25660,,sin_expediente
25704,,sin_expediente
25729,,sin_expediente
25747,,sin_expediente
25754,,sin_expediente
25755,,sin_expediente
25775,,sin_expediente
25785,,sin_expediente
25802,,sin_expediente
25849,77334,expediente_no_encontrado_en_pacientes
25917,,sin_expediente
25921,,sin_expediente
25935,,sin_expediente
25951,,sin_expediente
25988,,sin_expediente
25994,,sin_expediente
26001,,sin_expediente
26023,,sin_expediente
26028,,sin_expediente
26032,82395,expediente_no_encontrado_en_pacientes
26054,,sin_expediente
26064,,sin_expediente
26082,,sin_expediente
26090,,sin_expediente
26117,,sin_expediente
26198,,sin_expediente
26230,,sin_expediente
26240,,sin_expediente
26312,,sin_expediente
26353,,sin_expediente
26357,,sin_expediente
26420,,sin_expediente
26439,,sin_expediente
26498,,sin_expediente
26523,,sin_expediente
26642,83586,expediente_no_encontrado_en_pacientes
26656,,sin_expediente
26670,,sin_expediente
26674,75128,expediente_no_encontrado_en_pacientes
26708,83701,expediente_no_encontrado_en_pacientes
26727,77527,expediente_no_encontrado_en_pacientes
26810,,sin_expediente
26873,,sin_expediente
26877,,sin_expediente
26896,,sin_expediente
26912,77527,expediente_no_encontrado_en_pacientes
27044,84177,expediente_no_encontrado_en_pacientes
27071,83572,expediente_no_encontrado_en_pacientes
27090,,sin_expediente
27144,,sin_expediente
27228,82395,expediente_no_encontrado_en_pacientes
27358,,sin_expediente
27384,84705,expediente_no_encontrado_en_pacientes
27414,,sin_expediente
27415,,sin_expediente
27641,77334,expediente_no_encontrado_en_pacientes
28093,,sin_expediente
28165,84705,expediente_no_encontrado_en_pacientes
28307,64135,expediente_no_encontrado_en_pacientes
28380,82979,expediente_no_encontrado_en_pacientes
28418,78747,expediente_no_encontrado_en_pacientes
28437,,sin_expediente
28794,77527,expediente_no_encontrado_en_pacientes
28795,77527,expediente_no_encontrado_en_pacientes
28827,83572,expediente_no_encontrado_en_pacientes
29044,76832,expediente_no_encontrado_en_pacientes
29138,,sin_expediente
29262,83701,expediente_no_encontrado_en_pacientes
29285,82979,expediente_no_encontrado_en_pacientes
29489,84177,expediente_no_encontrado_en_pacientes
29548,,sin_expediente
29593,82979,expediente_no_encontrado_en_pacientes
30170,76355,expediente_no_encontrado_en_pacientes
30265,86299,expediente_no_encontrado_en_pacientes
30309,,sin_expediente
30494,86362,expediente_no_encontrado_en_pacientes
30610,86362,expediente_no_encontrado_en_pacientes
30686,86505,expediente_no_encontrado_en_pacientes
30763,86299,expediente_no_encontrado_en_pacientes
30773,,sin_expediente
30857,83572,expediente_no_encontrado_en_pacientes
30912,86649,expediente_no_encontrado_en_pacientes
30955,76355,expediente_no_encontrado_en_pacientes
31052,86362,expediente_no_encontrado_en_pacientes
31252,82979,expediente_no_encontrado_en_pacientes
31299,86821,expediente_no_encontrado_en_pacientes
31588,86362,expediente_no_encontrado_en_pacientes
31714,87005,expediente_no_encontrado_en_pacientes
31896,76355,expediente_no_encontrado_en_pacientes
32029,,sin_expediente
32058,86505,expediente_no_encontrado_en_pacientes
32088,83701,expediente_no_encontrado_en_pacientes
32339,87333,expediente_no_encontrado_en_pacientes
32487,,sin_expediente
32664,87345,expediente_no_encontrado_en_pacientes
32788,87345,expediente_no_encontrado_en_pacientes
32823,87581,expediente_no_encontrado_en_pacientes
32923,,sin_expediente
32929,83572,expediente_no_encontrado_en_pacientes
32971,87333,expediente_no_encontrado_en_pacientes
33507,83701,expediente_no_encontrado_en_pacientes
33516,87333,expediente_no_encontrado_en_pacientes
33572,,sin_expediente
33797,87581,expediente_no_encontrado_en_pacientes
33907,83572,expediente_no_encontrado_en_pacientes
34066,88103,expediente_no_encontrado_en_pacientes
34067,88103,expediente_no_encontrado_en_pacientes
34356,86505,expediente_no_encontrado_en_pacientes
34394,87333,expediente_no_encontrado_en_pacientes
34711,88445,expediente_no_encontrado_en_pacientes
34733,87581,expediente_no_encontrado_en_pacientes
34907,,sin_expediente
35057,85624,expediente_no_encontrado_en_pacientes
35118,85624,expediente_no_encontrado_en_pacientes
35126,88611,expediente_no_encontrado_en_pacientes
35173,88445,expediente_no_encontrado_en_pacientes
35196,88135,expediente_no_encontrado_en_pacientes
35345,84177,expediente_no_encontrado_en_pacientes
35346,84177,expediente_no_encontrado_en_pacientes
35406,83701,expediente_no_encontrado_en_pacientes
35535,88611,expediente_no_encontrado_en_pacientes
35623,87581,expediente_no_encontrado_en_pacientes
35762,88220,expediente_no_encontrado_en_pacientes
36029,,sin_expediente
36135,87581,expediente_no_encontrado_en_pacientes
36367,,sin_expediente
36371,,sin_expediente
36464,84177,expediente_no_encontrado_en_pacientes
36481,66798,expediente_no_encontrado_en_pacientes
36516,,sin_expediente
36635,86505,expediente_no_encontrado_en_pacientes
36874,83701,expediente_no_encontrado_en_pacientes
36978,,sin_expediente
37108,85216,expediente_no_encontrado_en_pacientes
37281,89512,expediente_no_encontrado_en_pacientes
37312,84177,expediente_no_encontrado_en_pacientes
37793,85624,expediente_no_encontrado_en_pacientes
37809,77334,expediente_no_encontrado_en_pacientes
37867,,sin_expediente
38041,85216,expediente_no_encontrado_en_pacientes
38289,90128,expediente_no_encontrado_en_pacientes
38384,89860,expediente_no_encontrado_en_pacientes
38406,83701,expediente_no_encontrado_en_pacientes
38486,90128,expediente_no_encontrado_en_pacientes
38663,90128,expediente_no_encontrado_en_pacientes
39020,89860,expediente_no_encontrado_en_pacientes
39106,76355,expediente_no_encontrado_en_pacientes
39505,,sin_expediente
39839,90739,expediente_no_encontrado_en_pacientes
39842,,sin_expediente
40031,89860,expediente_no_encontrado_en_pacientes
40307,90909,expediente_no_encontrado_en_pacientes
40364,,sin_expediente
40404,90909,expediente_no_encontrado_en_pacientes
40416,76355,expediente_no_encontrado_en_pacientes
40433,90901,expediente_no_encontrado_en_pacientes
40681,,sin_expediente
40793,91157,expediente_no_encontrado_en_pacientes
40871,77532,expediente_no_encontrado_en_pacientes
41006,,sin_expediente
41060,91242,expediente_no_encontrado_en_pacientes
41213,90909,expediente_no_encontrado_en_pacientes
41574,90909,expediente_no_encontrado_en_pacientes
41733,,sin_expediente
41737,90909,expediente_no_encontrado_en_pacientes
41756,,sin_expediente
42033,90909,expediente_no_encontrado_en_pacientes
42218,90909,expediente_no_encontrado_en_pacientes
42281,,sin_expediente
42491,90909,expediente_no_encontrado_en_pacientes
42548,91242,expediente_no_encontrado_en_pacientes
42549,91882,expediente_no_encontrado_en_pacientes
42613,,sin_expediente
42813,90909,expediente_no_encontrado_en_pacientes
42972,,sin_expediente
43081,92169,expediente_no_encontrado_en_pacientes
43094,77172,expediente_no_encontrado_en_pacientes
43118,77526,expediente_no_encontrado_en_pacientes
43151,90909,expediente_no_encontrado_en_pacientes
43475,77172,expediente_no_encontrado_en_pacientes
43544,91963,expediente_no_encontrado_en_pacientes
43972,92527,expediente_no_encontrado_en_pacientes
44002,,sin_expediente
44225,77334,expediente_no_encontrado_en_pacientes
44526,92802,expediente_no_encontrado_en_pacientes
44599,90128,expediente_no_encontrado_en_pacientes
44877,77526,expediente_no_encontrado_en_pacientes
44997,76355,expediente_no_encontrado_en_pacientes
44998,76355,expediente_no_encontrado_en_pacientes
45448,77564,expediente_no_encontrado_en_pacientes
46600,77526,expediente_no_encontrado_en_pacientes
